prefecture,municipality,url,system_type,kaigiroku_tenant
北海道,北海道議会,http://www01.gikai.pref.hokkaido.jp/voices/index.html,other,
北海道,札幌市議会,http://sapporo.gijiroku.com/voices/g07v_search.asp,gijiroku_com,
北海道,室蘭市議会,https://ssp.kaigiroku.net/tenant/muroran/MinuteSearch.html,kaigiroku_ssp,muroran
北海道,室蘭市議会,https://ssp.kaigiroku.net/tenant/muroran/SpMinuteSearch.html,kaigiroku_ssp,muroran
北海道,岩見沢市議会,https://gikai.city.iwamizawa.hokkaido.jp/giziroku/,other,
北海道,苫小牧市議会,https://ssp.kaigiroku.net/tenant/tomakomai/SpMinuteSearch.html,kaigiroku_ssp,tomakomai
北海道,芦別市議会,https://ssp.kaigiroku.net/tenant/ashibetsu/SpMinuteSearch.html,kaigiroku_ssp,ashibetsu
北海道,江別市議会,https://www.city.ebetsu.hokkaido.jp/site/gijiroku1/,other,
北海道,千歳市議会,https://ssp.kaigiroku.net/tenant/chitose/MinuteSearch.html,kaigiroku_ssp,chitose
北海道,千歳市議会,https://ssp.kaigiroku.net/tenant/chitose/SpMinuteSearch.html,kaigiroku_ssp,chitose
北海道,深川市議会,http://fukagawa.gijiroku.com/voices/g08v_search.asp,gijiroku_com,
北海道,登別市議会,https://ssp.kaigiroku.net/tenant/noboribetsu/MinuteSearch.html,kaigiroku_ssp,noboribetsu
北海道,登別市議会,https://ssp.kaigiroku.net/tenant/noboribetsu/SpMinuteSearch.html,kaigiroku_ssp,noboribetsu
北海道,恵庭市議会,https://ssp.kaigiroku.net/tenant/eniwa/MinuteSearch.html,kaigiroku_ssp,eniwa
北海道,恵庭市議会,https://ssp.kaigiroku.net/tenant/eniwa/SpMinuteSearch.html,kaigiroku_ssp,eniwa
北海道,伊達市議会,https://ssp.kaigiroku.net/tenant/date/SpMinuteSearch.html,kaigiroku_ssp,date
北海道,北広島市議会,https://ssp.kaigiroku.net/tenant/kitahiroshima/MinuteSearch.html,kaigiroku_ssp,kitahiroshima
北海道,北広島市議会,https://ssp.kaigiroku.net/tenant/kitahiroshima/SpMinuteSearch.html,kaigiroku_ssp,kitahiroshima
北海道,石狩市議会,https://ssp.kaigiroku.net/tenant/ishikari/SpMinuteSearch.html,kaigiroku_ssp,ishikari
北海道,厚真町議会,https://ssp.kaigiroku.net/tenant/atsuma/SpMinuteSearch.html,kaigiroku_ssp,atsuma
北海道,日高町議会,https://ssp.kaigiroku.net/tenant/hidakahokkaido/MinuteSearch.html,kaigiroku_ssp,hidakahokkaido
北海道,日高町議会,https://ssp.kaigiroku.net/tenant/hidakahokkaido/SpMinuteSearch.html,kaigiroku_ssp,hidakahokkaido
北海道,函館市議会,https://ssp.kaigiroku.net/tenant/hakodate/SpMinuteSearch.html,kaigiroku_ssp,hakodate
北海道,北斗市議会,https://ssp.kaigiroku.net/tenant/hokuto/SpMinuteSearch.html,kaigiroku_ssp,hokuto
北海道,旭川市議会,https://ssp.kaigiroku.net/tenant/asahikawa/SpMinuteSearch.html,kaigiroku_ssp,asahikawa
北海道,留萌市議会,https://rumoi.gijiroku.com/voices/g07v_search.asp,gijiroku_com,
北海道,留萌市議会,https://rumoi.gijiroku.com/voices2/,gijiroku_com,
北海道,稚内市議会,https://ssp.kaigiroku.net/tenant/wakkanai/MinuteSearch.html,kaigiroku_ssp,wakkanai
北海道,稚内市議会,https://ssp.kaigiroku.net/tenant/wakkanai/SpMinuteSearch.html,kaigiroku_ssp,wakkanai
北海道,名寄市議会,https://ssp.kaigiroku.net/tenant/nayoro/MinuteSearch.html,kaigiroku_ssp,nayoro
北海道,名寄市議会,https://ssp.kaigiroku.net/tenant/nayoro/SpMinuteSearch.html,kaigiroku_ssp,nayoro
北海道,釧路市議会,https://ssp.kaigiroku.net/tenant/kushiro/MinuteSearch.html,kaigiroku_ssp,kushiro
北海道,釧路市議会,https://ssp.kaigiroku.net/tenant/kushiro/SpMinuteSearch.html,kaigiroku_ssp,kushiro
北海道,帯広市議会,https://ssp.kaigiroku.net/tenant/obihiro/SpMinuteSearch.html,kaigiroku_ssp,obihiro
北海道,北見市議会,https://ssp.kaigiroku.net/tenant/kitami/MinuteSearch.html,kaigiroku_ssp,kitami
北海道,北見市議会,https://ssp.kaigiroku.net/tenant/kitami/SpMinuteSearch.html,kaigiroku_ssp,kitami
北海道,根室市議会,https://ssp.kaigiroku.net/tenant/nemuro/MinuteSearch.html,kaigiroku_ssp,nemuro
北海道,根室市議会,https://ssp.kaigiroku.net/tenant/nemuro/SpMinuteSearch.html,kaigiroku_ssp,nemuro
北海道,音更町議会,http://www.town.otofuke.hokkaido.dbsr.jp/index.php/,dbsr,
北海道,芽室町議会,https://ssp.kaigiroku.net/tenant/memuro/SpMinuteSearch.html,kaigiroku_ssp,memuro
青森県,青森県議会,http://www.pref.aomori.dbsr.jp/index.php/,dbsr,
青森県,青森市議会,http://www.city.aomori.aomori.dbsr.jp/index.php/,dbsr,
青森県,弘前市議会,http://www.kensakusystem.jp/hirosaki/index.html,kensakusystem,
青森県,八戸市議会,http://www2.city.hachinohe.aomori.jp/kaigiroku/voices/g07v_search.asp,other,
青森県,八戸市議会,http://www2.city.hachinohe.aomori.jp/kaigiroku/voices2/,other,
青森県,十和田市議会,https://ssp.kaigiroku.net/tenant/towada/SpMinuteSearch.html,kaigiroku_ssp,towada
青森県,むつ市議会,https://ssp.kaigiroku.net/tenant/mutsu/MinuteSearch.html,kaigiroku_ssp,mutsu
青森県,むつ市議会,https://ssp.kaigiroku.net/tenant/mutsu/SpMinuteSearch.html,kaigiroku_ssp,mutsu
青森県,六ヶ所村議会,http://www.db-search.com/rokkasho-v/index.php/,dbsr,
岩手県,岩手県議会,http://www3.pref.iwate.jp/gikai/user/www/Kensaku/,other,
岩手県,盛岡市議会,https://ssp.kaigiroku.net/tenant/morioka/MinuteSearch.html,kaigiroku_ssp,morioka
岩手県,宮古市議会,https://ssp.kaigiroku.net/tenant/miyako/SpMinuteSearch.html,kaigiroku_ssp,miyako
岩手県,大船渡市議会,https://ssp.kaigiroku.net/tenant/ofunato/SpMinuteSearch.html,kaigiroku_ssp,ofunato
岩手県,花巻市議会,https://ssp.kaigiroku.net/tenant/hanamaki/SpMinuteSearch.html,kaigiroku_ssp,hanamaki
岩手県,北上市議会,https://ssp.kaigiroku.net/tenant/kitakami/SpMinuteSearch.html,kaigiroku_ssp,kitakami
岩手県,久慈市議会,https://ssp.kaigiroku.net/tenant/kuji/MinuteSearch.html,kaigiroku_ssp,kuji
岩手県,一関市議会,http://www.kensakusystem.jp/ichinoseki/index.html,kensakusystem,
岩手県,陸前高田市議会,https://ssp.kaigiroku.net/tenant/rikuzentakata/SpMinuteSearch.html,kaigiroku_ssp,rikuzentakata
岩手県,釜石市議会,https://ssp.kaigiroku.net/tenant/kamaishi/MinuteSearch.html,kaigiroku_ssp,kamaishi
岩手県,釜石市議会,https://ssp.kaigiroku.net/tenant/kamaishi/SpMinuteSearch.html,kaigiroku_ssp,kamaishi
岩手県,二戸市議会,https://ssp.kaigiroku.net/tenant/ninohe/SpMinuteSearch.html,kaigiroku_ssp,ninohe
岩手県,奥州市議会,https://ssp.kaigiroku.net/tenant/oshu/SpMinuteSearch.html,kaigiroku_ssp,oshu
岩手県,奥州市議会,https://ssp.kaigiroku.net/tenant/esashi/SpMinuteSearch.html,kaigiroku_ssp,esashi
岩手県,奥州市議会,https://ssp.kaigiroku.net/tenant/isawa/SpMinuteSearch.html,kaigiroku_ssp,isawa
岩手県,滝沢市議会,https://ssp.kaigiroku.net/tenant/takizawa/SpMinuteSearch.html,kaigiroku_ssp,takizawa
岩手県,雫石町議会,https://ssp.kaigiroku.net/tenant/shizukuishi/SpMinuteSearch.html,kaigiroku_ssp,shizukuishi
岩手県,紫波町議会,https://ssp.kaigiroku.net/tenant/shiwa/SpMinuteSearch.html,kaigiroku_ssp,shiwa
岩手県,金ケ崎町議会,https://ssp.kaigiroku.net/tenant/kanegasaki/SpMinuteSearch.html,kaigiroku_ssp,kanegasaki
宮城県,宮城県議会,https://ssp.kaigiroku.net/tenant/prefmiyagi/SpMinuteSearch.html,kaigiroku_ssp,prefmiyagi
宮城県,仙台市議会,https://www.city.sendai.miyagi.dbsr.jp/index.php/,dbsr,
宮城県,石巻市議会,https://ssp.kaigiroku.net/tenant/ishinomaki/SpMinuteSearch.html,kaigiroku_ssp,ishinomaki
宮城県,気仙沼市議会,https://www.city.kesennuma.miyagi.dbsr.jp/index.php/,dbsr,
宮城県,白石市議会,http://www.city.shiroishi.miyagi.dbsr.jp/index.php/,dbsr,
宮城県,名取市議会,https://www.city.natori.miyagi.dbsr.jp/index.php/,dbsr,
宮城県,角田市議会,https://www.city.kakuda.miyagi.dbsr.jp/index.php/,dbsr,
宮城県,多賀城市議会,https://www.city.tagajo.miyagi.dbsr.jp/index.php/,dbsr,
宮城県,岩沼市議会,https://www.city.iwanuma.miyagi.dbsr.jp/index.php/,dbsr,
宮城県,登米市議会,https://www.city.tome.miyagi.dbsr.jp/index.php/,dbsr,
宮城県,栗原市議会,https://www.city.kurihara.miyagi.dbsr.jp/index.php/,dbsr,
宮城県,東松島市議会,https://ssp.kaigiroku.net/tenant/higashimatsushima/SpMinuteSearch.html,kaigiroku_ssp,higashimatsushima
宮城県,大崎市議会,https://ssp.kaigiroku.net/tenant/oosaki/SpMinuteSearch.html,kaigiroku_ssp,oosaki
宮城県,大河原町議会,https://www.town.ogawara.miyagi.dbsr.jp/index.php/,dbsr,
宮城県,美里町議会,https://www.town.misato.miyagi.dbsr.jp/index.php/,dbsr,
宮城県,女川町議会,https://www.town.onagawa.miyagi.dbsr.jp/index.php/,dbsr,
秋田県,秋田県議会,https://ssp.kaigiroku.net/tenant/prefakita/SpMinuteSearch.html,kaigiroku_ssp,prefakita
秋田県,秋田市議会,https://akitashigikai.gijiroku.com/voices/g07v_search.asp,gijiroku_com,
秋田県,秋田市議会,https://akitashigikai.gijiroku.com/voices2/,gijiroku_com,
秋田県,能代市議会,https://ssp.kaigiroku.net/tenant/noshiro/SpMinuteSearch.html,kaigiroku_ssp,noshiro
秋田県,男鹿市議会,https://ssp.kaigiroku.net/tenant/oga/SpMinuteSearch.html,kaigiroku_ssp,oga
秋田県,湯沢市議会,https://ssp.kaigiroku.net/tenant/yuzawa/SpMinuteSearch.html,kaigiroku_ssp,yuzawa
秋田県,鹿角市議会,http://www.kensakusystem.jp/kazuno/index.html,kensakusystem,
秋田県,由利本荘市議会,https://ssp.kaigiroku.net/tenant/yurihonjo/SpMinuteSearch.html,kaigiroku_ssp,yurihonjo
秋田県,北秋田市議会,https://ssp.kaigiroku.net/tenant/kitaakita/SpMinuteSearch.html,kaigiroku_ssp,kitaakita
秋田県,仙北市議会,https://ssp.kaigiroku.net/tenant/semboku/SpMinuteSearch.html,kaigiroku_ssp,semboku
山形県,山形県議会,https://ssp.kaigiroku.net/tenant/prefyamagata/SpMinuteSearch.html,kaigiroku_ssp,prefyamagata
山形県,山形市議会,http://www.kensakusystem.jp/yamagata-c/index.html,kensakusystem,
山形県,鶴岡市議会,https://ssp.kaigiroku.net/tenant/tsuruoka/SpMinuteSearch.html,kaigiroku_ssp,tsuruoka
山形県,酒田市議会,https://ssp.kaigiroku.net/tenant/sakata/MinuteSearch.html,kaigiroku_ssp,sakata
山形県,寒河江市議会,https://www.city.sagae.yamagata.jp/shigikai/gijiroku/search.html,other,
山形県,村山市議会,https://ssp.kaigiroku.net/tenant/murayama/SpMinuteSearch.html,kaigiroku_ssp,murayama
山形県,天童市議会,https://ssp.kaigiroku.net/tenant/tendo/SpMinuteSearch.html,kaigiroku_ssp,tendo
山形県,東根市議会,http://city.higashine.netj.jp/cgi-bin/kaigiroku/msearch.cgi,other,
山形県,河北町議会,http://db.town.kahoku.yamagata.jp/search/msearch.cgi?index=kaigiroku,other,
山形県,高畠町議会,https://www.town.takahata.yamagata.dbsr.jp/index.php/,dbsr,
山形県,小国町議会,https://www.town.oguni.yamagata.dbsr.jp/index.php/,dbsr,
山形県,庄内町議会,https://ssp.kaigiroku.net/tenant/shounai/SpMinuteSearch.html,kaigiroku_ssp,shounai
福島県,福島県議会,https://ssp.kaigiroku.net/tenant/fukushima/SpMinuteSearch.html,kaigiroku_ssp,fukushima
福島県,福島市議会,https://www.city.fukushima.fukushima.jp/voices/g07v_search.asp,other,
福島県,福島市議会,https://www.city.fukushima.fukushima.jp/voices2/,other,
福島県,会津若松市議会,https://ssp.kaigiroku.net/tenant/aizuwakamatsu/SpMinuteSearch.html,kaigiroku_ssp,aizuwakamatsu
福島県,郡山市議会,https://ssp.kaigiroku.net/tenant/koriyama/SpMinuteSearch.html,kaigiroku_ssp,koriyama
福島県,郡山市議会,https://ssp.kaigiroku.net/tenant/koriyama/MinuteSearch.html,kaigiroku_ssp,koriyama
福島県,いわき市議会,https://ssp.kaigiroku.net/tenant/iwaki/SpMinuteSearch.html,kaigiroku_ssp,iwaki
福島県,白河市議会,https://ssp.kaigiroku.net/tenant/shirakawa/SpMinuteSearch.html,kaigiroku_ssp,shirakawa
福島県,須賀川市議会,http://gikai.city.sukagawa.fukushima.jp/voices/g07v_search.asp,other,
福島県,須賀川市議会,http://gikai.city.sukagawa.fukushima.jp/voices2/,other,
福島県,喜多方市議会,https://www.city.kitakata.fukushima.dbsr.jp/index.php/,dbsr,
福島県,相馬市議会,https://ssp.kaigiroku.net/tenant/soma/SpMinuteSearch.html,kaigiroku_ssp,soma
福島県,二本松市議会,https://ssp.kaigiroku.net/tenant/nihonmatsu/SpMinuteSearch.html,kaigiroku_ssp,nihonmatsu
福島県,田村市議会,https://ssp.kaigiroku.net/tenant/tamura/MinuteSearch.html,kaigiroku_ssp,tamura
福島県,南相馬市議会,https://ssp.kaigiroku.net/tenant/minamisoma/MinuteSearch.html,kaigiroku_ssp,minamisoma
福島県,伊達市議会,https://ssp.kaigiroku.net/tenant/datecity/SpMinuteSearch.html,kaigiroku_ssp,datecity
福島県,本宮市議会,https://ssp.kaigiroku.net/tenant/motomiya/SpMinuteSearch.html,kaigiroku_ssp,motomiya
福島県,桑折町議会,https://www.town.koori.fukushima.dbsr.jp/index.php/,dbsr,
福島県,国見町議会,https://ssp.kaigiroku.net/tenant/kunimi/SpMinuteSearch.html,kaigiroku_ssp,kunimi
福島県,川俣町議会,http://www.kensakusystem.jp/kawamata/index.html,kensakusystem,
福島県,泉崎村議会,https://ssp.kaigiroku.net/tenant/izumizaki/SpMinuteSearch.html,kaigiroku_ssp,izumizaki
福島県,中島村議会,https://ssp.kaigiroku.net/tenant/nakajima/SpMinuteSearch.html,kaigiroku_ssp,nakajima
福島県,棚倉町議会,https://ssp.kaigiroku.net/tenant/tanagura/SpMinuteSearch.html,kaigiroku_ssp,tanagura
福島県,矢祭町議会,https://ssp.kaigiroku.net/tenant/yamatsuri/MinuteSearch.html,kaigiroku_ssp,yamatsuri
福島県,塙町議会,https://ssp.kaigiroku.net/tenant/hanawa/SpMinuteSearch.html,kaigiroku_ssp,hanawa
福島県,石川町議会,http://www.town.ishikawa.fukushima.dbsr.jp/index.php/,dbsr,
福島県,平田村議会,https://ssp.kaigiroku.net/tenant/hirata/SpMinuteSearch.html,kaigiroku_ssp,hirata
福島県,川内村議会,https://ssp.kaigiroku.net/tenant/kawauchi/SpMinuteSearch.html,kaigiroku_ssp,kawauchi
茨城県,茨城県議会,https://www.pref.ibaraki.dbsr.jp/index.php/,dbsr,
茨城県,水戸市議会,https://ssp.kaigiroku.net/tenant/mito/SpMinuteSearch.html,kaigiroku_ssp,mito
茨城県,日立市議会,http://www.city.hitachi.ibaraki.dbsr.jp/index.php/,dbsr,
茨城県,土浦市議会,https://ssp.kaigiroku.net/tenant/tsuchiura/MinuteSearch.html,kaigiroku_ssp,tsuchiura
茨城県,土浦市議会,https://ssp.kaigiroku.net/tenant/tsuchiura/SpMinuteSearch.html,kaigiroku_ssp,tsuchiura
茨城県,古河市議会,https://ssp.kaigiroku.net/tenant/koga/MinuteSearch.html,kaigiroku_ssp,koga
茨城県,古河市議会,https://ssp.kaigiroku.net/tenant/koga/SpMinuteSearch.html,kaigiroku_ssp,koga
茨城県,石岡市議会,http://www.city.ishioka.ibaraki.dbsr.jp/index.php/,dbsr,
茨城県,結城市議会,https://ssp.kaigiroku.net/tenant/yuki/MinuteSearch.html,kaigiroku_ssp,yuki
茨城県,結城市議会,https://ssp.kaigiroku.net/tenant/yuki/SpMinuteSearch.html,kaigiroku_ssp,yuki
茨城県,龍ケ崎市議会,https://ssp.kaigiroku.net/tenant/ryugasaki/SpMinuteSearch.html,kaigiroku_ssp,ryugasaki
茨城県,下妻市議会,http://www.kensakusystem.jp/shimotsuma/index.html,kensakusystem,
茨城県,常総市議会,http://www.city.joso.ibaraki.dbsr.jp/index.php/,dbsr,
茨城県,高萩市議会,https://ssp.kaigiroku.net/tenant/takahagi/MinuteSearch.html,kaigiroku_ssp,takahagi
茨城県,北茨城市議会,https://ssp.kaigiroku.net/tenant/kitaibaraki/MinuteSearch.html,kaigiroku_ssp,kitaibaraki
茨城県,笠間市議会,http://kasama.gijiroku.com/voices/g08v_search.asp,gijiroku_com,
茨城県,笠間市議会,http://kasama.gijiroku.com/voices2/,gijiroku_com,
茨城県,取手市議会,http://ami-search.amivoice.com/toride/usr/,other,
茨城県,つくば市議会,http://tsukuba.gijiroku.com/voices/g08v_search.asp,gijiroku_com,
茨城県,ひたちなか市議会,http://hitachinaka.gijiroku.com/voices/g08v_search.asp,gijiroku_com,
茨城県,鹿嶋市議会,https://ssp.kaigiroku.net/tenant/kashima/SpMinuteSearch.html,kaigiroku_ssp,kashima
茨城県,潮来市議会,https://ssp.kaigiroku.net/tenant/itako/SpMinuteSearch.html,kaigiroku_ssp,itako
茨城県,守谷市議会,http://moriya.gijiroku.com/voices/g08v_search.asp,gijiroku_com,
茨城県,守谷市議会,http://moriya.gijiroku.com/voices2/,gijiroku_com,
茨城県,常陸大宮市議会,https://ssp.kaigiroku.net/tenant/hitachiomiya/SpMinuteSearch.html,kaigiroku_ssp,hitachiomiya
茨城県,筑西市議会,https://ssp.kaigiroku.net/tenant/chikusei/MinuteSearch.html,kaigiroku_ssp,chikusei
茨城県,筑西市議会,https://ssp.kaigiroku.net/tenant/chikusei/SpMinuteSearch.html,kaigiroku_ssp,chikusei
茨城県,坂東市議会,https://ssp.kaigiroku.net/tenant/bando/SpMinuteSearch.html,kaigiroku_ssp,bando
茨城県,稲敷市議会,http://inashiki.gijiroku.com/voices/g08v_search.asp,gijiroku_com,
茨城県,稲敷市議会,http://inashiki.gijiroku.com/voices2/,gijiroku_com,
茨城県,かすみがうら市議会,https://ssp.kaigiroku.net/tenant/kasumigaura/SpMinuteSearch.html,kaigiroku_ssp,kasumigaura
茨城県,神栖市議会,https://ssp.kaigiroku.net/tenant/kamisu/SpMinuteSearch.html,kaigiroku_ssp,kamisu
茨城県,行方市議会,https://ssp.kaigiroku.net/tenant/namegata/SpMinuteSearch.html,kaigiroku_ssp,namegata
茨城県,鉾田市議会,https://ssp.kaigiroku.net/tenant/hokota/MinuteSearch.html,kaigiroku_ssp,hokota
茨城県,鉾田市議会,https://ssp.kaigiroku.net/tenant/hokota/SpMinuteSearch.html,kaigiroku_ssp,hokota
茨城県,つくばみらい市議会,http://tsukubamirai.gijiroku.com/voices/g08v_search.asp,gijiroku_com,
茨城県,つくばみらい市議会,http://tsukubamirai.gijiroku.com/voices2/,gijiroku_com,
茨城県,小美玉市議会,https://ssp.kaigiroku.net/tenant/omitama/SpMinuteSearch.html,kaigiroku_ssp,omitama
茨城県,茨城町議会,https://ssp.kaigiroku.net/tenant/ibaraki/SpMinuteSearch.html,kaigiroku_ssp,ibaraki
茨城県,東海村議会,https://ssp.kaigiroku.net/tenant/tokai/SpMinuteSearch.html,kaigiroku_ssp,tokai
茨城県,大子町議会,https://ssp.kaigiroku.net/tenant/daigo/SpMinuteSearch.html,kaigiroku_ssp,daigo
栃木県,栃木県議会,http://pref-tochigi.gijiroku.com/voices/g07v_search.asp?Sflg=2,gijiroku_com,
栃木県,栃木県議会,http://pref-tochigi.gijiroku.com/voices2/,gijiroku_com,
栃木県,宇都宮市議会,http://www.kensakusystem.jp/utsunomiya/index.html,kensakusystem,
栃木県,足利市議会,https://ssp.kaigiroku.net/tenant/ashikaga/MinuteSearch.html,kaigiroku_ssp,ashikaga
栃木県,足利市議会,https://ssp.kaigiroku.net/tenant/ashikaga/SpMinuteSearch.html,kaigiroku_ssp,ashikaga
栃木県,栃木市議会,https://ssp.kaigiroku.net/tenant/tochigi/MinuteSearch.html,kaigiroku_ssp,tochigi
栃木県,栃木市議会,https://ssp.kaigiroku.net/tenant/tochigi/SpMinuteSearch.html,kaigiroku_ssp,tochigi
栃木県,佐野市議会,https://ssp.kaigiroku.net/tenant/sano/MinuteSearch.html,kaigiroku_ssp,sano
栃木県,佐野市議会,https://ssp.kaigiroku.net/tenant/sano/SpMinuteSearch.html,kaigiroku_ssp,sano
栃木県,鹿沼市議会,http://www.kensakusystem.jp/kanuma-c/index.html,kensakusystem,
栃木県,日光市議会,https://ssp.kaigiroku.net/tenant/nikko/SpMinuteSearch.html,kaigiroku_ssp,nikko
栃木県,小山市議会,https://ssp.kaigiroku.net/tenant/oyama/MinuteSearch.html,kaigiroku_ssp,oyama
栃木県,小山市議会,https://ssp.kaigiroku.net/tenant/oyama/SpMinuteSearch.html,kaigiroku_ssp,oyama
栃木県,真岡市議会,https://ssp.kaigiroku.net/tenant/moka/MinuteSearch.html,kaigiroku_ssp,moka
栃木県,真岡市議会,https://ssp.kaigiroku.net/tenant/moka/SpMinuteSearch.html,kaigiroku_ssp,moka
栃木県,大田原市議会,https://ssp.kaigiroku.net/tenant/ohtawara/MinuteSearch.html,kaigiroku_ssp,ohtawara
栃木県,大田原市議会,https://ssp.kaigiroku.net/tenant/ohtawara/SpMinuteSearch.html,kaigiroku_ssp,ohtawara
栃木県,矢板市議会,https://ssp.kaigiroku.net/tenant/yaita/SpMinuteSearch.html,kaigiroku_ssp,yaita
栃木県,那須塩原市議会,https://ssp.kaigiroku.net/tenant/nasushiobara/SpMinuteSearch.html,kaigiroku_ssp,nasushiobara
栃木県,さくら市議会,https://ssp.kaigiroku.net/tenant/sakura/SpMinuteSearch.html,kaigiroku_ssp,sakura
栃木県,下野市議会,https://ssp.kaigiroku.net/tenant/shimotsuke/SpMinuteSearch.html,kaigiroku_ssp,shimotsuke
栃木県,益子町議会,https://ssp.kaigiroku.net/tenant/mashiko/MinuteSearch.html,kaigiroku_ssp,mashiko
栃木県,益子町議会,https://ssp.kaigiroku.net/tenant/mashiko/SpMinuteSearch.html,kaigiroku_ssp,mashiko
栃木県,市貝町議会,https://ssp.kaigiroku.net/tenant/ichikai/SpMinuteSearch.html,kaigiroku_ssp,ichikai
栃木県,芳賀町議会,https://ssp.kaigiroku.net/tenant/haga/SpMinuteSearch.html,kaigiroku_ssp,haga
栃木県,壬生町議会,https://ssp.kaigiroku.net/tenant/mibu/SpMinuteSearch.html,kaigiroku_ssp,mibu
栃木県,野木町議会,https://ssp.kaigiroku.net/tenant/nogi/SpMinuteSearch.html,kaigiroku_ssp,nogi
栃木県,塩谷町議会,https://ssp.kaigiroku.net/tenant/shioya/SpMinuteSearch.html,kaigiroku_ssp,shioya
栃木県,高根沢町議会,https://ssp.kaigiroku.net/tenant/takanezawa/SpMinuteSearch.html,kaigiroku_ssp,takanezawa
栃木県,那須町議会,https://ssp.kaigiroku.net/tenant/nasu/MinuteSearch.html,kaigiroku_ssp,nasu
栃木県,那須町議会,https://ssp.kaigiroku.net/tenant/nasu/SpMinuteSearch.html,kaigiroku_ssp,nasu
群馬県,群馬県議会,http://www07.gijiroku.com/voices/g07v_search.asp,gijiroku_com,
群馬県,群馬県議会,http://www07.gijiroku.com/voices2/,gijiroku_com,
群馬県,前橋市議会,http://www.city.maebashi.gunma.dbsr.jp/index.php/,dbsr,
群馬県,高崎市議会,http://takasaki.gijiroku.com/voices/g08v_search.asp,gijiroku_com,
群馬県,高崎市議会,http://takasaki.gijiroku.com/voices2/,gijiroku_com,
群馬県,桐生市議会,https://ssp.kaigiroku.net/tenant/kiryu/MinuteSearch.html,kaigiroku_ssp,kiryu
群馬県,桐生市議会,https://ssp.kaigiroku.net/tenant/kiryu/SpMinuteSearch.html,kaigiroku_ssp,kiryu
群馬県,伊勢崎市議会,http://www.city.isesaki.gunma.dbsr.jp/index.php/,dbsr,
群馬県,太田市議会,http://ota.gijiroku.com/voices/g08v_search.asp,gijiroku_com,
群馬県,太田市議会,http://ota.gijiroku.com/voices2/,gijiroku_com,
群馬県,沼田市議会,https://www.city.numata.gunma.dbsr.jp/index.php/,dbsr,
群馬県,館林市議会,https://ssp.kaigiroku.net/tenant/tatebayashi/MinuteSearch.html,kaigiroku_ssp,tatebayashi
群馬県,館林市議会,https://ssp.kaigiroku.net/tenant/tatebayashi/SpMinuteSearch.html,kaigiroku_ssp,tatebayashi
群馬県,渋川市議会,https://ssp.kaigiroku.net/tenant/shibukawa/MinuteSearch.html,kaigiroku_ssp,shibukawa
群馬県,渋川市議会,https://ssp.kaigiroku.net/tenant/shibukawa/SpMinuteSearch.html,kaigiroku_ssp,shibukawa
群馬県,藤岡市議会,http://fujioka.gijiroku.com/voices/g08v_search.asp,gijiroku_com,
群馬県,藤岡市議会,http://fujioka.gijiroku.com/voices2/,gijiroku_com,
群馬県,富岡市議会,https://ssp.kaigiroku.net/tenant/tomioka/MinuteSearch.html,kaigiroku_ssp,tomioka
群馬県,富岡市議会,https://ssp.kaigiroku.net/tenant/tomioka/SpMinuteSearch.html,kaigiroku_ssp,tomioka
群馬県,安中市議会,https://ssp.kaigiroku.net/tenant/annaka/SpMinuteSearch.html,kaigiroku_ssp,annaka
群馬県,みどり市議会,https://ssp.kaigiroku.net/tenant/midori/MinuteSearch.html,kaigiroku_ssp,midori
群馬県,みどり市議会,https://ssp.kaigiroku.net/tenant/midori/SpMinuteSearch.html,kaigiroku_ssp,midori
群馬県,大泉町議会,https://ssp.kaigiroku.net/tenant/oizumi/MinuteSearch.html,kaigiroku_ssp,oizumi
埼玉県,埼玉県議会,https://ssp.kaigiroku.net/tenant/prefsaitama/MinuteSearch.html,kaigiroku_ssp,prefsaitama
埼玉県,埼玉県議会,https://ssp.kaigiroku.net/tenant/prefsaitama/SpMinuteSearch.html,kaigiroku_ssp,prefsaitama
埼玉県,さいたま市議会,https://ssp.kaigiroku.net/tenant/saitama/SpMinuteSearch.html,kaigiroku_ssp,saitama
埼玉県,さいたま市議会,https://www.discusscabinet.net/saitama/,discusscabinet,
埼玉県,川越市議会,https://www.city.kawagoe.saitama.dbsr.jp/index.php/,dbsr,
埼玉県,熊谷市議会,https://ssp.kaigiroku.net/tenant/kumagaya/MinuteSearch.html,kaigiroku_ssp,kumagaya
埼玉県,川口市議会,https://ssp.kaigiroku.net/tenant/kawaguchi/SpMinuteSearch.html,kaigiroku_ssp,kawaguchi
埼玉県,行田市議会,https://ssp.kaigiroku.net/tenant/gyoda/SpMinuteSearch.html,kaigiroku_ssp,gyoda
埼玉県,秩父市議会,https://ssp.kaigiroku.net/tenant/chichibu/MinuteSearch.html,kaigiroku_ssp,chichibu
埼玉県,秩父市議会,https://ssp.kaigiroku.net/tenant/chichibu/SpMinuteSearch.html,kaigiroku_ssp,chichibu
埼玉県,飯能市議会,https://ssp.kaigiroku.net/tenant/hanno/MinuteSearch.html,kaigiroku_ssp,hanno
埼玉県,飯能市議会,https://ssp.kaigiroku.net/tenant/hanno/SpMinuteSearch.html,kaigiroku_ssp,hanno
埼玉県,加須市議会,https://ssp.kaigiroku.net/tenant/kazo/SpMinuteSearch.html,kaigiroku_ssp,kazo
埼玉県,本庄市議会,https://ssp.kaigiroku.net/tenant/honjo/MinuteSearch.html,kaigiroku_ssp,honjo
埼玉県,本庄市議会,https://ssp.kaigiroku.net/tenant/honjo/SpMinuteSearch.html,kaigiroku_ssp,honjo
埼玉県,東松山市議会,https://ssp.kaigiroku.net/tenant/higashimatsuyama/MinuteSearch.html,kaigiroku_ssp,higashimatsuyama
埼玉県,東松山市議会,https://ssp.kaigiroku.net/tenant/higashimatsuyama/SpMinuteSearch.html,kaigiroku_ssp,higashimatsuyama
埼玉県,春日部市議会,http://www.kasukabe-shigikai.jp/voices/g07v_search.asp,other,
埼玉県,春日部市議会,http://www.kasukabe-shigikai.jp/voices2/,other,
埼玉県,狭山市議会,http://sayama.gijiroku.com/voices/g08v_search.asp,gijiroku_com,
埼玉県,羽生市議会,https://ssp.kaigiroku.net/tenant/hanyu/SpMinuteSearch.html,kaigiroku_ssp,hanyu
埼玉県,鴻巣市議会,https://ssp.kaigiroku.net/tenant/kounosu/MinuteSearch.html,kaigiroku_ssp,kounosu
埼玉県,鴻巣市議会,https://ssp.kaigiroku.net/tenant/kounosu/SpMinuteSearch.html,kaigiroku_ssp,kounosu
埼玉県,深谷市議会,https://ssp.kaigiroku.net/tenant/fukaya/MinuteSearch.html,kaigiroku_ssp,fukaya
埼玉県,深谷市議会,https://ssp.kaigiroku.net/tenant/fukaya/SpMinuteSearch.html,kaigiroku_ssp,fukaya
埼玉県,上尾市議会,https://ssp.kaigiroku.net/tenant/ageo/MinuteSearch.html,kaigiroku_ssp,ageo
埼玉県,上尾市議会,https://ssp.kaigiroku.net/tenant/ageo/SpMinuteSearch.html,kaigiroku_ssp,ageo
埼玉県,草加市議会,http://www.soka-shigikai.jp/voices/g07v_search.asp,other,
埼玉県,越谷市議会,https://ssp.kaigiroku.net/tenant/koshigaya/SpMinuteSearch.html,kaigiroku_ssp,koshigaya
埼玉県,越谷市議会,https://ssp.kaigiroku.net/tenant/koshigaya/MinuteSearch.html,kaigiroku_ssp,koshigaya
埼玉県,蕨市議会,http://warabi.gijiroku.com/gikai/voices/g08v_search.asp,gijiroku_com,
埼玉県,戸田市議会,https://www2.city.toda.saitama.jp/gikai/voices/g07v_search.asp,other,
埼玉県,戸田市議会,https://www2.city.toda.saitama.jp/gikai/voices2/,other,
埼玉県,入間市議会,http://www3.city.iruma.saitama.jp/voices/g07v_search.asp,other,
埼玉県,入間市議会,http://www3.city.iruma.saitama.jp/voices2/,other,
埼玉県,朝霞市議会,https://ssp.kaigiroku.net/tenant/asaka/SpMinuteSearch.html,kaigiroku_ssp,asaka
埼玉県,志木市議会,https://ssp.kaigiroku.net/tenant/shiki/SpMinuteSearch.html,kaigiroku_ssp,shiki
埼玉県,和光市議会,https://ssp.kaigiroku.net/tenant/wako/SpMinuteSearch.html,kaigiroku_ssp,wako
埼玉県,新座市議会,http://niiza.gijiroku.com/voices/g08v_search.asp,gijiroku_com,
埼玉県,新座市議会,http://niiza.gijiroku.com/voices2/,gijiroku_com,
埼玉県,桶川市議会,https://ssp.kaigiroku.net/tenant/okegawa/SpMinuteSearch.html,kaigiroku_ssp,okegawa
埼玉県,久喜市議会,https://ssp.kaigiroku.net/tenant/kuki/MinuteSearch.html,kaigiroku_ssp,kuki
埼玉県,久喜市議会,https://ssp.kaigiroku.net/tenant/kuki/SpMinuteSearch.html,kaigiroku_ssp,kuki
埼玉県,北本市議会,https://ssp.kaigiroku.net/tenant/kitamoto/MinuteSearch.html,kaigiroku_ssp,kitamoto
埼玉県,八潮市議会,https://ssp.kaigiroku.net/tenant/yashio/SpMinuteSearch.html,kaigiroku_ssp,yashio
埼玉県,富士見市議会,https://ssp.kaigiroku.net/tenant/fujimi/SpMinuteSearch.html,kaigiroku_ssp,fujimi
埼玉県,三郷市議会,https://ssp.kaigiroku.net/tenant/misato/SpMinuteSearch.html,kaigiroku_ssp,misato
埼玉県,蓮田市議会,https://ssp.kaigiroku.net/tenant/hasuda/SpMinuteSearch.html,kaigiroku_ssp,hasuda
埼玉県,坂戸市議会,https://ssp.kaigiroku.net/tenant/sakado/MinuteSearch.html,kaigiroku_ssp,sakado
埼玉県,坂戸市議会,https://ssp.kaigiroku.net/tenant/sakado/SpMinuteSearch.html,kaigiroku_ssp,sakado
埼玉県,幸手市議会,https://ssp.kaigiroku.net/tenant/satte/SpMinuteSearch.html,kaigiroku_ssp,satte
埼玉県,鶴ヶ島市議会,https://ssp.kaigiroku.net/tenant/tsurugashima/MinuteSearch.html,kaigiroku_ssp,tsurugashima
埼玉県,鶴ヶ島市議会,https://ssp.kaigiroku.net/tenant/tsurugashima/SpMinuteSearch.html,kaigiroku_ssp,tsurugashima
埼玉県,日高市議会,https://ssp.kaigiroku.net/tenant/saihidaka/MinuteSearch.html,kaigiroku_ssp,saihidaka
埼玉県,日高市議会,https://ssp.kaigiroku.net/tenant/saihidaka/SpMinuteSearch.html,kaigiroku_ssp,saihidaka
埼玉県,吉川市議会,https://ssp.kaigiroku.net/tenant/yoshikawa/SpMinuteSearch.html,kaigiroku_ssp,yoshikawa
埼玉県,ふじみ野市議会,https://ssp.kaigiroku.net/tenant/fujimino/MinuteSearch.html,kaigiroku_ssp,fujimino
埼玉県,白岡市議会,https://ssp.kaigiroku.net/tenant/shiraoka/MinuteSearch.html,kaigiroku_ssp,shiraoka
埼玉県,白岡市議会,https://ssp.kaigiroku.net/tenant/shiraoka/SpMinuteSearch.html,kaigiroku_ssp,shiraoka
埼玉県,伊奈町議会,https://ssp.kaigiroku.net/tenant/inamachi/SpMinuteSearch.html,kaigiroku_ssp,inamachi
埼玉県,三芳町議会,https://ssp.kaigiroku.net/tenant/miyoshi/SpMinuteSearch.html,kaigiroku_ssp,miyoshi
埼玉県,毛呂山町議会,https://ssp.kaigiroku.net/tenant/moroyama/MinuteSearch.html,kaigiroku_ssp,moroyama
埼玉県,毛呂山町議会,https://ssp.kaigiroku.net/tenant/moroyama/SpMinuteSearch.html,kaigiroku_ssp,moroyama
埼玉県,越生町議会,https://ssp.kaigiroku.net/tenant/ogose/MinuteSearch.html,kaigiroku_ssp,ogose
埼玉県,越生町議会,https://ssp.kaigiroku.net/tenant/ogose/SpMinuteSearch.html,kaigiroku_ssp,ogose
埼玉県,小川町議会,https://ssp.kaigiroku.net/tenant/ogawa/MinuteSearch.html,kaigiroku_ssp,ogawa
埼玉県,小川町議会,https://ssp.kaigiroku.net/tenant/ogawa/SpMinuteSearch.html,kaigiroku_ssp,ogawa
埼玉県,川島町議会,https://ssp.kaigiroku.net/tenant/kawajima/SpMinuteSearch.html,kaigiroku_ssp,kawajima
埼玉県,吉見町議会,https://ssp.kaigiroku.net/tenant/yoshimi/MinuteSearch.html,kaigiroku_ssp,yoshimi
埼玉県,美里町議会,https://ssp.kaigiroku.net/tenant/saimisato/MinuteSearch.html,kaigiroku_ssp,saimisato
埼玉県,美里町議会,https://ssp.kaigiroku.net/tenant/saimisato/SpMinuteSearch.html,kaigiroku_ssp,saimisato
埼玉県,神川町議会,https://ssp.kaigiroku.net/tenant/kamikawa/MinuteSearch.html,kaigiroku_ssp,kamikawa
埼玉県,神川町議会,https://ssp.kaigiroku.net/tenant/kamikawa/SpMinuteSearch.html,kaigiroku_ssp,kamikawa
埼玉県,寄居町議会,https://ssp.kaigiroku.net/tenant/yorii/SpMinuteSearch.html,kaigiroku_ssp,yorii
埼玉県,宮代町議会,https://ssp.kaigiroku.net/tenant/miyashiro/SpMinuteSearch.html,kaigiroku_ssp,miyashiro
埼玉県,杉戸町議会,https://ssp.kaigiroku.net/tenant/sugito/MinuteSearch.html,kaigiroku_ssp,sugito
埼玉県,杉戸町議会,https://ssp.kaigiroku.net/tenant/sugito/SpMinuteSearch.html,kaigiroku_ssp,sugito
埼玉県,松伏町議会,http://www.town.matsubushi.saitama.dbsr.jp/index.php/,dbsr,
千葉県,千葉県議会,http://wwwp.pref.chiba.lg.jp/pbgikai/dsweb.exe/,other,
千葉県,千葉市議会,http://www.city.chiba.chiba.dbsr.jp/index.php/,dbsr,
千葉県,銚子市議会,https://ssp.kaigiroku.net/tenant/choshi/SpMinuteSearch.html,kaigiroku_ssp,choshi
千葉県,船橋市議会,https://funabashi.gijiroku.com/voices/g08v_search.asp,gijiroku_com,
千葉県,船橋市議会,https://funabashi.gijiroku.com/voices2/,gijiroku_com,
千葉県,館山市議会,https://ssp.kaigiroku.net/tenant/tateyama/SpMinuteSearch.html,kaigiroku_ssp,tateyama
千葉県,木更津市議会,http://www.city.kisarazu.chiba.dbsr.jp/index.php/,dbsr,
千葉県,松戸市議会,https://ssp.kaigiroku.net/tenant/matsudo/SpMinuteSearch.html,kaigiroku_ssp,matsudo
千葉県,野田市議会,https://ssp.kaigiroku.net/tenant/noda/MinuteSearch.html,kaigiroku_ssp,noda
千葉県,野田市議会,https://ssp.kaigiroku.net/tenant/noda/SpMinuteSearch.html,kaigiroku_ssp,noda
千葉県,成田市議会,https://ssp.kaigiroku.net/tenant/narita/SpMinuteSearch.html,kaigiroku_ssp,narita
千葉県,佐倉市議会,http://sakurashigikai.gijiroku.com/voices/g08v_search.asp,gijiroku_com,
千葉県,佐倉市議会,http://sakurashigikai.gijiroku.com/voices2/,gijiroku_com,
千葉県,東金市議会,https://ssp.kaigiroku.net/tenant/togane/SpMinuteSearch.html,kaigiroku_ssp,togane
千葉県,習志野市議会,https://ssp.kaigiroku.net/tenant/narashino/SpMinuteSearch.html,kaigiroku_ssp,narashino
千葉県,柏市議会,https://ssp.kaigiroku.net/tenant/kashiwa/MinuteSearch.html,kaigiroku_ssp,kashiwa
千葉県,柏市議会,https://ssp.kaigiroku.net/tenant/kashiwa/SpMinuteSearch.html,kaigiroku_ssp,kashiwa
千葉県,市原市議会,https://ssp.kaigiroku.net/tenant/ichihara/SpMinuteSearch.html,kaigiroku_ssp,ichihara
千葉県,流山市議会,https://ssp.kaigiroku.net/tenant/nagareyama/MinuteSearch.html,kaigiroku_ssp,nagareyama
千葉県,流山市議会,https://ssp.kaigiroku.net/tenant/nagareyama/SpMinuteSearch.html,kaigiroku_ssp,nagareyama
千葉県,八千代市議会,https://ssp.kaigiroku.net/tenant/yachiyo/SpMinuteSearch.html,kaigiroku_ssp,yachiyo
千葉県,我孫子市議会,https://ssp.kaigiroku.net/tenant/abiko/SpMinuteSearch.html,kaigiroku_ssp,abiko
千葉県,鴨川市議会,http://www.city.kamogawa.chiba.jp/VOICES/g07v_search.asp,other,
千葉県,鴨川市議会,http://www.city.kamogawa.chiba.jp/voices2/,other,
千葉県,鎌ケ谷市議会,https://ssp.kaigiroku.net/tenant/kamagaya/MinuteSearch.html,kaigiroku_ssp,kamagaya
千葉県,鎌ケ谷市議会,https://ssp.kaigiroku.net/tenant/kamagaya/SpMinuteSearch.html,kaigiroku_ssp,kamagaya
千葉県,君津市議会,https://ssp.kaigiroku.net/tenant/kimitsu/SpMinuteSearch.html,kaigiroku_ssp,kimitsu
千葉県,富津市議会,https://www.futtsu-gikai.jp/voices/g07v_search.asp,other,
千葉県,富津市議会,https://www.futtsu-gikai.jp/voices2/,other,
千葉県,浦安市議会,https://ssp.kaigiroku.net/tenant/urayasu/SpMinuteSearch.html,kaigiroku_ssp,urayasu
千葉県,四街道市議会,https://ssp.kaigiroku.net/tenant/yotsukaido/SpMinuteSearch.html,kaigiroku_ssp,yotsukaido
千葉県,袖ケ浦市議会,https://ssp.kaigiroku.net/tenant/sodegaura/SpMinuteSearch.html,kaigiroku_ssp,sodegaura
千葉県,印西市議会,https://ssp.kaigiroku.net/tenant/inzai/MinuteSearch.html,kaigiroku_ssp,inzai
千葉県,印西市議会,https://ssp.kaigiroku.net/tenant/inzai/SpMinuteSearch.html,kaigiroku_ssp,inzai
千葉県,白井市議会,http://www.city.shiroi.chiba.dbsr.jp/index.php/,dbsr,
千葉県,富里市議会,https://ssp.kaigiroku.net/tenant/tomisato/SpMinuteSearch.html,kaigiroku_ssp,tomisato
千葉県,南房総市議会,http://www.city.minamiboso.chiba.dbsr.jp/index.php/,dbsr,
千葉県,匝瑳市議会,https://ssp.kaigiroku.net/tenant/sosa/SpMinuteSearch.html,kaigiroku_ssp,sosa
千葉県,香取市議会,https://ssp.kaigiroku.net/tenant/katori/SpMinuteSearch.html,kaigiroku_ssp,katori
千葉県,山武市議会,http://www.city.sammu.chiba.dbsr.jp/index.php/,dbsr,
千葉県,いすみ市議会,https://ssp.kaigiroku.net/tenant/isumi/SpMinuteSearch.html,kaigiroku_ssp,isumi
千葉県,栄町議会,http://www.kensakusystem.jp/sakae/index.html,kensakusystem,
千葉県,九十九里町議会,https://ssp.kaigiroku.net/tenant/kujukuri/SpMinuteSearch.html,kaigiroku_ssp,kujukuri
千葉県,芝山町議会,https://ssp.kaigiroku.net/tenant/shibayama/SpMinuteSearch.html,kaigiroku_ssp,shibayama
千葉県,長生村議会,http://www.vill.chosei.chiba.dbsr.jp/index.php/,dbsr,
東京都,東京都議会,https://www.metro.tokyo.dbsr.jp/index.php/,dbsr,
東京都,東京都議会,https://mww.metro.tokyo.dbsr.jp/index.php/,dbsr,
東京都,千代田区議会,http://www.city.chiyoda.tokyo.dbsr.jp/index.php/,dbsr,
東京都,中央区議会,https://www.kugikai.city.chuo.lg.jp/kaigiroku/index.html,other,
東京都,港区議会,https://gikai2.city.minato.tokyo.jp/voices/g07v_search.asp,other,
東京都,港区議会,https://gikai2.city.minato.tokyo.jp/voices2/,other,
東京都,新宿区議会,https://ssp.kaigiroku.net/tenant/shinjuku/SpMinuteSearch.html,kaigiroku_ssp,shinjuku
東京都,文京区議会,https://www.city.bunkyo.tokyo.dbsr.jp/index.php/,dbsr,
東京都,台東区議会,http://taito.gijiroku.com/voices/g08v_search.asp,gijiroku_com,
東京都,台東区議会,http://taito.gijiroku.com/voices2/,gijiroku_com,
東京都,墨田区議会,https://ssp.kaigiroku.net/tenant/sumida/SpMinuteSearch.html,kaigiroku_ssp,sumida
東京都,江東区議会,http://www.city.koto.tokyo.dbsr.jp/index.php/,dbsr,
東京都,品川区議会,https://kaigiroku.city.shinagawa.tokyo.jp/index.php/,other,
東京都,目黒区議会,http://www.kensakusystem.jp/meguro/index.html,kensakusystem,
東京都,大田区議会,http://www.gikai-ota-tokyo.jp/ota/g08v_search.asp,other,
東京都,大田区議会,http://www.gikai-ota-tokyo.jp/voices2/,other,
東京都,世田谷区議会,http://kugi.city.setagaya.tokyo.jp/voices/index.html,other,
東京都,渋谷区議会,https://ssp.kaigiroku.net/tenant/shibuya/SpMinuteSearch.html,kaigiroku_ssp,shibuya
東京都,中野区議会,https://kugikai-nakano.jp/search.html,other,
東京都,杉並区議会,http://suginami.gijiroku.com/voices/voices/g08v_search.asp,gijiroku_com,
東京都,豊島区議会,http://www.kensakusystem.jp/toshima/index.html,kensakusystem,
東京都,北区議会,https://ssp.kaigiroku.net/tenant/kita/SpMinuteSearch.html,kaigiroku_ssp,kita
東京都,北区議会,https://www.discusscabinet.net/kitakugikai/,discusscabinet,
東京都,荒川区議会,https://ssp.kaigiroku.net/tenant/arakawa/MinuteSearch.html,kaigiroku_ssp,arakawa
東京都,荒川区議会,https://ssp.kaigiroku.net/tenant/arakawa/SpMinuteSearch.html,kaigiroku_ssp,arakawa
東京都,板橋区議会,http://itabashi.gijiroku.com/voices/g07v_search.asp,gijiroku_com,
東京都,板橋区議会,http://itabashi.gijiroku.com/voices2/,gijiroku_com,
東京都,練馬区議会,https://ssp.kaigiroku.net/tenant/nerima/SpMinuteSearch.html,kaigiroku_ssp,nerima
東京都,練馬区議会,https://ssp.kaigiroku.net/tenant/nerima/MinuteSearch.html,kaigiroku_ssp,nerima
東京都,足立区議会,https://www.gikai-adachi.jp/voices/g07v_search.asp#gsc.tab=0,other,
東京都,足立区議会,https://www.gikai-adachi.jp/voices2/,other,
東京都,葛飾区議会,https://www.kensakusystem.jp/katsushika/index.html,kensakusystem,
東京都,江戸川区議会,https://www.gikai.city.edogawa.tokyo.jp/voices/g07v_search.asp,other,
東京都,江戸川区議会,https://www.gikai.city.edogawa.tokyo.jp/voices2/,other,
東京都,八王子市議会,https://www.city.hachioji.tokyo.dbsr.jp/index.php/,dbsr,
東京都,立川市議会,https://ssp.kaigiroku.net/tenant/tachikawa/SpMinuteSearch.html,kaigiroku_ssp,tachikawa
東京都,武蔵野市議会,http://www.city.musashino.tokyo.dbsr.jp/index.php/,dbsr,
東京都,三鷹市議会,http://www.city.mitaka.tokyo.dbsr.jp/index.php/?Template=search-simple,dbsr,
東京都,三鷹市議会,http://www.city.mitaka.tokyo.dbsr.jp/index.php/?Template=search-detail,dbsr,
東京都,青梅市議会,https://ssp.kaigiroku.net/tenant/ome/MinuteSearch.html,kaigiroku_ssp,ome
東京都,青梅市議会,https://ssp.kaigiroku.net/tenant/ome/SpMinuteSearch.html,kaigiroku_ssp,ome
東京都,府中市議会,https://www.city.fuchu.tokyo.dbsr.jp/index.php/,dbsr,
東京都,昭島市議会,https://ssp.kaigiroku.net/tenant/akishima/MinuteSearch.html,kaigiroku_ssp,akishima
東京都,調布市議会,http://chofucity.gijiroku.com/voices/index2.html,gijiroku_com,
東京都,町田市議会,https://www.gikai-machida.jp/voices/g07v_search.asp,other,
東京都,町田市議会,https://www.gikai-machida.jp/voices2/,other,
東京都,小金井市議会,http://www.city.koganei.tokyo.dbsr.jp/index.php/,dbsr,
東京都,小平市議会,https://ssp.kaigiroku.net/tenant/kodaira/SpMinuteSearch.html,kaigiroku_ssp,kodaira
東京都,日野市議会,http://www.city.hino.tokyo.dbsr.jp/index.php/,dbsr,
東京都,東村山市議会,https://www.city.higashimurayama.tokyo.jp/gikai/gikaijoho/kensaku/,other,
東京都,国分寺市議会,http://www.city.kokubunji.tokyo.dbsr.jp/index.php/,dbsr,
東京都,国立市議会,https://www.city.kunitachi.tokyo.dbsr.jp/index.php/,dbsr,
東京都,福生市議会,https://www.city.fussa.tokyo.dbsr.jp/index.php/,dbsr,
東京都,狛江市議会,http://www.city.komae.tokyo.dbsr.jp/index.php/,dbsr,
東京都,清瀬市議会,https://ssp.kaigiroku.net/tenant/kiyose/SpMinuteSearch.html,kaigiroku_ssp,kiyose
東京都,東久留米市議会,http://www.city.higashikurume.tokyo.dbsr.jp/index.php/,dbsr,
東京都,武蔵村山市議会,https://ssp.kaigiroku.net/tenant/musashimurayama/SpMinuteSearch.html,kaigiroku_ssp,musashimurayama
東京都,多摩市議会,http://www.city.tama.tokyo.dbsr.jp/index.php/,dbsr,
東京都,稲城市議会,http://www.city.inagi.tokyo.dbsr.jp/index.php/,dbsr,
東京都,羽村市議会,https://www.city.hamura.tokyo.dbsr.jp/index.php/,dbsr,
東京都,あきる野市議会,http://www.city.akiruno.tokyo.dbsr.jp/index.php/,dbsr,
東京都,西東京市議会,http://www.city.nishitokyo.tokyo.dbsr.jp/index.php/,dbsr,
東京都,瑞穂町議会,https://ssp.kaigiroku.net/tenant/mizuho/SpMinuteSearch.html,kaigiroku_ssp,mizuho
東京都,日の出町議会,http://www.db-search.com/hinode-t/index.php/,dbsr,
東京都,檜原村議会,http://www.vill.hinohara.tokyo.dbsr.jp/index.php/,dbsr,
神奈川県,神奈川県議会,https://ssp.kaigiroku.net/tenant/prefkanagawa/SpMinuteSearch.html,kaigiroku_ssp,prefkanagawa
神奈川県,横浜市議会,http://giji.city.yokohama.lg.jp/tenant/yokohama/MinuteSearch.html,other,
神奈川県,川崎市議会,https://www13.gijiroku.com/kawasaki_council/g07v_search.asp?Sflg=2,gijiroku_com,
神奈川県,川崎市議会,https://www13.gijiroku.com/kawasaki_council/voices2/index.html,gijiroku_com,
神奈川県,相模原市議会,https://ssp.kaigiroku.net/tenant/sagamihara/SpMinuteSearch.html,kaigiroku_ssp,sagamihara
神奈川県,横須賀市議会,https://ssp.kaigiroku.net/tenant/yokosuka/SpMinuteSearch.html,kaigiroku_ssp,yokosuka
神奈川県,平塚市議会,https://www.city.hiratsuka.kanagawa.dbsr.jp/index.php/,dbsr,
神奈川県,鎌倉市議会,http://www.kensakusystem.jp/kamakura/index.html,kensakusystem,
神奈川県,藤沢市議会,https://shigikai.city.fujisawa.kanagawa.jp/voices/g08v_search.asp,other,
神奈川県,小田原市議会,https://ssp.kaigiroku.net/tenant/odawara/SpMinuteSearch.html,kaigiroku_ssp,odawara
神奈川県,茅ヶ崎市議会,http://info.city.chigasaki.kanagawa.jp/VOICES/g08v_search.asp,other,
神奈川県,茅ヶ崎市議会,http://info.city.chigasaki.kanagawa.jp/voices2/,other,
神奈川県,逗子市議会,https://ssp.kaigiroku.net/tenant/zushi/SpMinuteSearch.html,kaigiroku_ssp,zushi
神奈川県,三浦市議会,http://www.kensakusystem.jp/miura/index.html,kensakusystem,
神奈川県,秦野市議会,https://www.city.hadano.kanagawa.dbsr.jp/index.php/,dbsr,
神奈川県,厚木市議会,https://www.city.atsugi.kanagawa.dbsr.jp/index.php/,dbsr,
神奈川県,大和市議会,http://yamato.gijiroku.com/voices/index.html,gijiroku_com,
神奈川県,伊勢原市議会,https://www.city.isehara.kanagawa.dbsr.jp/index.php/,dbsr,
神奈川県,海老名市議会,http://ebina.gijiroku.com/voices/g07v_search.asp,gijiroku_com,
神奈川県,海老名市議会,http://ebina.gijiroku.com/voices2/,gijiroku_com,
神奈川県,座間市議会,http://www.kensakusystem.jp/zama/index.html,kensakusystem,
神奈川県,南足柄市議会,http://www.db-search.com/minamiashigara-c/index.php/,dbsr,
神奈川県,綾瀬市議会,https://ssp.kaigiroku.net/tenant/ayase/MinuteSearch.html,kaigiroku_ssp,ayase
神奈川県,綾瀬市議会,https://ssp.kaigiroku.net/tenant/ayase/SpMinuteSearch.html,kaigiroku_ssp,ayase
神奈川県,葉山町議会,http://www.kensakusystem.jp/hayama/index.html,kensakusystem,
神奈川県,寒川町議会,https://www.town.samukawa.kanagawa.dbsr.jp/index.php/,dbsr,
神奈川県,大磯町議会,http://www.kensakusystem.jp/oiso/index.html,kensakusystem,
神奈川県,二宮町議会,http://www.town.ninomiya.kanagawa.dbsr.jp/index.php/,dbsr,
神奈川県,中井町議会,http://www.db-search.com/nakai-t/index.php/,dbsr,
神奈川県,箱根町議会,http://ami-search.amivoice.com/hakone/usr/,other,
神奈川県,真鶴町議会,http://www.kensakusystem.jp/manazuru/index.html,kensakusystem,
神奈川県,湯河原町議会,http://www.db-search.com/yugawara-t/index.php/,dbsr,
神奈川県,愛川町議会,https://ssp.kaigiroku.net/tenant/aikawa/SpMinuteSearch.html,kaigiroku_ssp,aikawa
神奈川県,清川村議会,http://www.kensakusystem.jp/kiyokawa/index.html,kensakusystem,
新潟県,新潟県議会,https://ssp.kaigiroku.net/tenant/prefniigata/MinuteSearch.html,kaigiroku_ssp,prefniigata
新潟県,新潟県議会,https://ssp.kaigiroku.net/tenant/prefniigata/SpMinuteSearch.html,kaigiroku_ssp,prefniigata
新潟県,新潟市議会,http://www06.gijiroku.com/niigata/g08v_search.asp,gijiroku_com,
新潟県,新潟市議会,http://www06.gijiroku.com/niigata2/,gijiroku_com,
新潟県,長岡市議会,http://www09.gijiroku.com/nagaoka/g08v_search.asp,gijiroku_com,
新潟県,三条市議会,http://www.kensakusystem.jp/sanjo/index.html,kensakusystem,
新潟県,柏崎市議会,http://www.kensakusystem.jp/kashiwazaki/index.html,kensakusystem,
新潟県,新発田市議会,https://www.shibata-shigikai.jp/voices/g08v_search.asp,other,
新潟県,新発田市議会,https://www.shibata-shigikai.jp/voices2/,other,
新潟県,小千谷市議会,https://ssp.kaigiroku.net/tenant/ojiya/SpMinuteSearch.html,kaigiroku_ssp,ojiya
新潟県,十日町市議会,https://ssp.kaigiroku.net/tenant/tokamachi/SpMinuteSearch.html,kaigiroku_ssp,tokamachi
新潟県,見附市議会,https://ssp.kaigiroku.net/tenant/mitsuke/SpMinuteSearch.html,kaigiroku_ssp,mitsuke
新潟県,燕市議会,https://ssp.kaigiroku.net/tenant/tsubame/SpMinuteSearch.html,kaigiroku_ssp,tsubame
新潟県,妙高市議会,https://ssp.kaigiroku.net/tenant/myoko/SpMinuteSearch.html,kaigiroku_ssp,myoko
新潟県,五泉市議会,https://ssp.kaigiroku.net/tenant/gosen/SpMinuteSearch.html,kaigiroku_ssp,gosen
新潟県,上越市議会,https://ssp.kaigiroku.net/tenant/joetsu/SpMinuteSearch.html,kaigiroku_ssp,joetsu
新潟県,胎内市議会,https://ssp.kaigiroku.net/tenant/tainai/SpMinuteSearch.html,kaigiroku_ssp,tainai
新潟県,阿賀町議会,https://ssp.kaigiroku.net/tenant/aga/SpMinuteSearch.html,kaigiroku_ssp,aga
富山県,富山県議会,https://www.pref.toyama.dbsr.jp/index.php/,dbsr,
富山県,富山市議会,https://www.city.toyama.toyama.dbsr.jp/index.php/,dbsr,
富山県,高岡市議会,https://www.city.takaoka.toyama.dbsr.jp/index.php/,dbsr,
富山県,魚津市議会,http://www.city.uozu.toyama.dbsr.jp/index.php/,dbsr,
富山県,氷見市議会,http://himi.gijiroku.com/voices/index.html,gijiroku_com,
富山県,滑川市議会,https://www.kensakusystem.jp/namerikawa/index.html,kensakusystem,
富山県,黒部市議会,http://www.kensakusystem.jp/kurobe/index.html,kensakusystem,
富山県,小矢部市議会,https://ssp.kaigiroku.net/tenant/oyabe/SpMinuteSearch.html,kaigiroku_ssp,oyabe
富山県,南砺市議会,https://ssp.kaigiroku.net/tenant/nanto/SpMinuteSearch.html,kaigiroku_ssp,nanto
富山県,射水市議会,https://ssp.kaigiroku.net/tenant/imizu/SpMinuteSearch.html,kaigiroku_ssp,imizu
富山県,上市町議会,http://www.town.kamiichi.toyama.dbsr.jp/index.php/,dbsr,
富山県,立山町議会,http://www.town.tateyama.toyama.dbsr.jp/index.php/,dbsr,
富山県,入善町議会,https://www.town.nyuzen.toyama.dbsr.jp/index.php/,dbsr,
富山県,朝日町議会,http://www.town.asahi.toyama.dbsr.jp/index.php/,dbsr,
石川県,石川県議会,http://pref-ishikawa.gijiroku.com/voices/g08v_search.asp,gijiroku_com,
石川県,石川県議会,http://pref-ishikawa.gijiroku.com/voices2/,gijiroku_com,
石川県,金沢市議会,https://ssp.kaigiroku.net/tenant/kanazawa/SpMinuteSearch.html,kaigiroku_ssp,kanazawa
石川県,七尾市議会,https://ssp.kaigiroku.net/tenant/nanao/SpMinuteSearch.html,kaigiroku_ssp,nanao
石川県,小松市議会,http://www.city.komatsu.ishikawa.dbsr.jp/index.php/,dbsr,
石川県,輪島市議会,https://ssp.kaigiroku.net/tenant/wajima/SpMinuteSearch.html,kaigiroku_ssp,wajima
石川県,珠洲市議会,https://www.city.suzu.ishikawa.dbsr.jp/index.php/,dbsr,
石川県,加賀市議会,https://ssp.kaigiroku.net/tenant/kaga/SpMinuteSearch.html,kaigiroku_ssp,kaga
石川県,羽咋市議会,http://www.city.hakui.ishikawa.dbsr.jp/index.php/,dbsr,
石川県,白山市議会,https://ssp.kaigiroku.net/tenant/hakusan/SpMinuteSearch.html,kaigiroku_ssp,hakusan
石川県,能美市議会,https://www.city.nomi.ishikawa.dbsr.jp/index.php/,dbsr,
石川県,野々市市議会,https://ssp.kaigiroku.net/tenant/nonoichi/SpMinuteSearch.html,kaigiroku_ssp,nonoichi
福井県,福井県議会,https://www.pref.fukui.dbsr.jp/index.php/,dbsr,
福井県,福井市議会,https://ssp.kaigiroku.net/tenant/fukui/MinuteSearch.html,kaigiroku_ssp,fukui
福井県,敦賀市議会,https://www.city.tsuruga.fukui.dbsr.jp/index.php/,dbsr,
福井県,小浜市議会,https://ssp.kaigiroku.net/tenant/obama/SpMinuteSearch.html,kaigiroku_ssp,obama
福井県,大野市議会,https://ssp.kaigiroku.net/tenant/ono/SpMinuteSearch.html,kaigiroku_ssp,ono
福井県,勝山市議会,http://www.kensakusystem.jp/katsuyama-gikai/index.html,kensakusystem,
福井県,鯖江市議会,http://sabaecity.gijiroku.com/voices/index.html,gijiroku_com,
福井県,越前市議会,https://ssp.kaigiroku.net/tenant/echizen/MinuteSearch.html,kaigiroku_ssp,echizen
福井県,坂井市議会,http://www.city.sakai.fukui.dbsr.jp/index.php/,dbsr,
福井県,おおい町議会,https://ssp.kaigiroku.net/tenant/ohi/SpMinuteSearch.html,kaigiroku_ssp,ohi
山梨県,山梨県議会,https://kaigiroku.pref.yamanashi.jp/index.php/,other,
山梨県,甲府市議会,https://www.city.kofu.yamanashi.dbsr.jp/index.php/,dbsr,
山梨県,富士吉田市議会,https://ssp.kaigiroku.net/tenant/fujiyoshida/SpMinuteSearch.html,kaigiroku_ssp,fujiyoshida
山梨県,都留市議会,https://ssp.kaigiroku.net/tenant/tsuru/SpMinuteSearch.html,kaigiroku_ssp,tsuru
山梨県,山梨市議会,https://ssp.kaigiroku.net/tenant/yamanashi/SpMinuteSearch.html,kaigiroku_ssp,yamanashi
山梨県,大月市議会,https://ssp.kaigiroku.net/tenant/otsuki/MinuteSearch.html,kaigiroku_ssp,otsuki
山梨県,大月市議会,https://ssp.kaigiroku.net/tenant/otsuki/SpMinuteSearch.html,kaigiroku_ssp,otsuki
山梨県,韮崎市議会,https://ssp.kaigiroku.net/tenant/nirasaki/SpMinuteSearch.html,kaigiroku_ssp,nirasaki
山梨県,南アルプス市議会,http://www.kensakusystem.jp/minami-alps/index.html,kensakusystem,
山梨県,北杜市議会,https://ssp.kaigiroku.net/tenant/cityhokuto/SpMinuteSearch.html,kaigiroku_ssp,cityhokuto
山梨県,甲斐市議会,https://ssp.kaigiroku.net/tenant/kai/SpMinuteSearch.html,kaigiroku_ssp,kai
山梨県,上野原市議会,https://ssp.kaigiroku.net/tenant/uenohara/SpMinuteSearch.html,kaigiroku_ssp,uenohara
山梨県,甲州市議会,https://ssp.kaigiroku.net/tenant/koshu/SpMinuteSearch.html,kaigiroku_ssp,koshu
山梨県,中央市議会,https://ssp.kaigiroku.net/tenant/chuo/SpMinuteSearch.html,kaigiroku_ssp,chuo
山梨県,昭和町議会,https://ssp.kaigiroku.net/tenant/showa/MinuteSearch.html,kaigiroku_ssp,showa
山梨県,富士河口湖町議会,https://ssp.kaigiroku.net/tenant/fujikawaguchiko/SpMinuteSearch.html,kaigiroku_ssp,fujikawaguchiko
長野県,長野県議会,https://nagano.gijiroku.com/voices/g07v_search.asp?Sflg=2,gijiroku_com,
長野県,長野県議会,https://nagano.gijiroku.com/voices2/,gijiroku_com,
長野県,長野市議会,https://ssp.kaigiroku.net/tenant/nagano/SpMinuteSearch.html,kaigiroku_ssp,nagano
長野県,松本市議会,https://ssp.kaigiroku.net/tenant/matsumoto/SpMinuteSearch.html,kaigiroku_ssp,matsumoto
長野県,上田市議会,https://ssp.kaigiroku.net/tenant/ueda/SpMinuteSearch.html,kaigiroku_ssp,ueda
長野県,岡谷市議会,https://ssp.kaigiroku.net/tenant/okaya/SpMinuteSearch.html,kaigiroku_ssp,okaya
長野県,飯田市議会,https://ssp.kaigiroku.net/tenant/iida/SpMinuteSearch.html,kaigiroku_ssp,iida
長野県,諏訪市議会,http://www08.gijiroku.com/voices/index.html,gijiroku_com,
長野県,須坂市議会,https://ssp.kaigiroku.net/tenant/suzaka/SpMinuteSearch.html,kaigiroku_ssp,suzaka
長野県,須坂市議会,https://www.city.suzaka.nagano.jp/contents/gikai_search/,other,
長野県,小諸市議会,https://ssp.kaigiroku.net/tenant/komoro/SpMinuteSearch.html,kaigiroku_ssp,komoro
長野県,伊那市議会,https://ssp.kaigiroku.net/tenant/ina/SpMinuteSearch.html,kaigiroku_ssp,ina
長野県,駒ヶ根市議会,https://ssp.kaigiroku.net/tenant/komagane/SpMinuteSearch.html,kaigiroku_ssp,komagane
長野県,中野市議会,https://ssp.kaigiroku.net/tenant/nakano/SpMinuteSearch.html,kaigiroku_ssp,nakano
長野県,大町市議会,https://ssp.kaigiroku.net/tenant/omachi/SpMinuteSearch.html,kaigiroku_ssp,omachi
長野県,飯山市議会,https://ssp.kaigiroku.net/tenant/iiyama/SpMinuteSearch.html,kaigiroku_ssp,iiyama
長野県,茅野市議会,https://ssp.kaigiroku.net/tenant/chino/SpMinuteSearch.html,kaigiroku_ssp,chino
長野県,塩尻市議会,https://ssp.kaigiroku.net/tenant/shiojiri/SpMinuteSearch.html,kaigiroku_ssp,shiojiri
長野県,佐久市議会,https://ssp.kaigiroku.net/tenant/saku/SpMinuteSearch.html,kaigiroku_ssp,saku
長野県,千曲市議会,https://ssp.kaigiroku.net/tenant/chikuma/SpMinuteSearch.html,kaigiroku_ssp,chikuma
長野県,東御市議会,https://ssp.kaigiroku.net/tenant/tomi/SpMinuteSearch.html,kaigiroku_ssp,tomi
長野県,安曇野市議会,https://ssp.kaigiroku.net/tenant/azumino/SpMinuteSearch.html,kaigiroku_ssp,azumino
長野県,佐久穂町議会,https://ssp.kaigiroku.net/tenant/sakuho/SpMinuteSearch.html,kaigiroku_ssp,sakuho
長野県,軽井沢町議会,https://ssp.kaigiroku.net/tenant/karuizawa/SpMinuteSearch.html,kaigiroku_ssp,karuizawa
長野県,下諏訪町議会,http://shimosuwa.gijiroku.com/voices/index.html,gijiroku_com,
長野県,富士見町議会,http://fujimi.gijiroku.com/voices/index.html,gijiroku_com,
長野県,原村議会,http://haramuragikai.gijiroku.com/voices/index.html,gijiroku_com,
長野県,箕輪町議会,https://ssp.kaigiroku.net/tenant/minowa/SpMinuteSearch.html,kaigiroku_ssp,minowa
長野県,松川村議会,http://matsukawa.gijiroku.com/voices/index.html,gijiroku_com,
岐阜県,岐阜県議会,https://ssp.kaigiroku.net/tenant/prefgifu/SpMinuteSearch.html,kaigiroku_ssp,prefgifu
岐阜県,岐阜市議会,http://www.city.gifu.gifu.dbsr.jp/index.php/,dbsr,
岐阜県,大垣市議会,http://www.db-search.com/ogaki-c/index.php/,dbsr,
岐阜県,高山市議会,https://ssp.kaigiroku.net/tenant/takayama/SpMinuteSearch.html,kaigiroku_ssp,takayama
岐阜県,多治見市議会,https://ssp.kaigiroku.net/tenant/tajimi/SpMinuteSearch.html,kaigiroku_ssp,tajimi
岐阜県,関市議会,https://ssp.kaigiroku.net/tenant/seki/SpMinuteSearch.html,kaigiroku_ssp,seki
岐阜県,中津川市議会,https://ssp.kaigiroku.net/tenant/nakatsugawa/MinuteSearch.html,kaigiroku_ssp,nakatsugawa
岐阜県,中津川市議会,https://ssp.kaigiroku.net/tenant/nakatsugawa/SpMinuteSearch.html,kaigiroku_ssp,nakatsugawa
岐阜県,瑞浪市議会,http://www.kensakusystem.jp/mizunami/index.html,kensakusystem,
岐阜県,羽島市議会,https://ssp.kaigiroku.net/tenant/hashima/SpMinuteSearch.html,kaigiroku_ssp,hashima
岐阜県,恵那市議会,http://www.kensakusystem.jp/ena/index.html,kensakusystem,
岐阜県,美濃加茂市議会,https://ssp.kaigiroku.net/tenant/minokamo/SpMinuteSearch.html,kaigiroku_ssp,minokamo
岐阜県,土岐市議会,https://ssp.kaigiroku.net/tenant/toki/MinuteSearch.html,kaigiroku_ssp,toki
岐阜県,各務原市議会,http://kakamigahara.gijiroku.com/voices/index.html,gijiroku_com,
岐阜県,可児市議会,http://www.city.kani.gifu.dbsr.jp/index.php/,dbsr,
静岡県,静岡県議会,http://www2.pref.shizuoka.jp/all/ggiji.nsf/WebSearch,other,
静岡県,静岡県議会,http://www2.pref.shizuoka.jp/all/COMGIJI.nsf/WebSearch,other,
静岡県,静岡市議会,https://www.city.shizuoka.shizuoka.dbsr.jp/index.php/,dbsr,
静岡県,浜松市議会,https://ssp.kaigiroku.net/tenant/hamamatsu/SpMinuteSearch.html,kaigiroku_ssp,hamamatsu
静岡県,沼津市議会,http://ami-search.amivoice.com/numazu/usr/,other,
静岡県,熱海市議会,https://ssp.kaigiroku.net/tenant/atami/MinuteSearch.html,kaigiroku_ssp,atami
静岡県,熱海市議会,https://ssp.kaigiroku.net/tenant/atami/SpMinuteSearch.html,kaigiroku_ssp,atami
静岡県,三島市議会,https://ssp.kaigiroku.net/tenant/mishima/SpMinuteSearch.html,kaigiroku_ssp,mishima
静岡県,富士宮市議会,https://ssp.kaigiroku.net/tenant/fujinomiya/SpMinuteSearch.html,kaigiroku_ssp,fujinomiya
静岡県,伊東市議会,http://itoshigikai.gijiroku.com/voices/index.html,gijiroku_com,
静岡県,島田市議会,http://shimada.gijiroku.com/voices/g07v_search.asp?Sflg=2,gijiroku_com,
静岡県,島田市議会,http://shimada.gijiroku.com/voices2/,gijiroku_com,
静岡県,富士市議会,http://fuji.gijiroku.com/voices/g07v_search.asp,gijiroku_com,
静岡県,富士市議会,http://fuji.gijiroku.com/voices2/,gijiroku_com,
静岡県,磐田市議会,https://ssp.kaigiroku.net/tenant/iwata/SpMinuteSearch.html,kaigiroku_ssp,iwata
静岡県,焼津市議会,http://www.city.yaizu.shizuoka.dbsr.jp/index.php/,dbsr,
静岡県,掛川市議会,http://kakegawa.gijiroku.com/voices/index.html,gijiroku_com,
静岡県,掛川市議会,http://kakegawaold.gijiroku.com/voices/index.html,gijiroku_com,
静岡県,藤枝市議会,http://fujieda.gijiroku.com/voices/g08v_search.asp,gijiroku_com,
静岡県,藤枝市議会,http://fujieda.gijiroku.com/voices2/,gijiroku_com,
静岡県,御殿場市議会,http://www.kensakusystem.jp/gotemba/index.html,kensakusystem,
静岡県,袋井市議会,http://www.city.fukuroi.shizuoka.dbsr.jp/index.php/,dbsr,
静岡県,裾野市議会,https://ssp.kaigiroku.net/tenant/susono/MinuteSearch.html,kaigiroku_ssp,susono
静岡県,裾野市議会,https://ssp.kaigiroku.net/tenant/susono/SpMinuteSearch.html,kaigiroku_ssp,susono
静岡県,御前崎市議会,https://ssp.kaigiroku.net/tenant/omaezaki/MinuteSearch.html,kaigiroku_ssp,omaezaki
静岡県,御前崎市議会,https://ssp.kaigiroku.net/tenant/omaezaki/SpMinuteSearch.html,kaigiroku_ssp,omaezaki
静岡県,菊川市議会,https://ssp.kaigiroku.net/tenant/kikugawa/MinuteSearch.html,kaigiroku_ssp,kikugawa
静岡県,伊豆の国市議会,https://ssp.kaigiroku.net/tenant/izunokuni/SpMinuteSearch.html,kaigiroku_ssp,izunokuni
静岡県,牧之原市議会,http://www.kensakusystem.jp/makinohara/index.html,kensakusystem,
静岡県,函南町議会,https://ssp.kaigiroku.net/tenant/kannami/SpMinuteSearch.html,kaigiroku_ssp,kannami
静岡県,清水町議会,http://www.town.shimizu.shizuoka.dbsr.jp/index.php/,dbsr,
静岡県,長泉町議会,http://www.town.nagaizumi.shizuoka.dbsr.jp/index.php/,dbsr,
愛知県,愛知県議会,https://www.pref.aichi.dbsr.jp/index.php/,dbsr,
愛知県,名古屋市議会,https://ssp.kaigiroku.net/tenant/nagoya/SpMinuteSearch.html,kaigiroku_ssp,nagoya
愛知県,豊橋市議会,https://ssp.kaigiroku.net/tenant/toyohashi/SpMinuteSearch.html,kaigiroku_ssp,toyohashi
愛知県,岡崎市議会,https://ssp.kaigiroku.net/tenant/okazaki/SpMinuteSearch.html,kaigiroku_ssp,okazaki
愛知県,一宮市議会,https://ssp.kaigiroku.net/tenant/ichinomiya/SpMinuteSearch.html,kaigiroku_ssp,ichinomiya
愛知県,瀬戸市議会,https://ssp.kaigiroku.net/tenant/seto/SpMinuteSearch.html,kaigiroku_ssp,seto
愛知県,半田市議会,https://ssp.kaigiroku.net/tenant/handa/SpMinuteSearch.html,kaigiroku_ssp,handa
愛知県,春日井市議会,https://ssp.kaigiroku.net/tenant/kasugai/SpMinuteSearch.html,kaigiroku_ssp,kasugai
愛知県,豊川市議会,https://ssp.kaigiroku.net/tenant/toyokawa/SpMinuteSearch.html,kaigiroku_ssp,toyokawa
愛知県,津島市議会,http://www.db-search.com/tsushima-c/index.php/,dbsr,
愛知県,碧南市議会,http://www.city.hekinan.aichi.dbsr.jp/index.php/,dbsr,
愛知県,刈谷市議会,https://ssp.kaigiroku.net/tenant/kariya/SpMinuteSearch.html,kaigiroku_ssp,kariya
愛知県,豊田市議会,http://www.kensakusystem.jp/toyota-c/index.html,kensakusystem,
愛知県,安城市議会,https://ssp.kaigiroku.net/tenant/anjo/SpMinuteSearch.html,kaigiroku_ssp,anjo
愛知県,西尾市議会,http://www.city.nishio.aichi.dbsr.jp/index.php/,dbsr,
愛知県,蒲郡市議会,https://ssp.kaigiroku.net/tenant/gamagori/SpMinuteSearch.html,kaigiroku_ssp,gamagori
愛知県,犬山市議会,http://www.kensakusystem.jp/inuyama/index.html,kensakusystem,
愛知県,常滑市議会,https://ssp.kaigiroku.net/tenant/tokoname/SpMinuteSearch.html,kaigiroku_ssp,tokoname
愛知県,江南市議会,https://ssp.kaigiroku.net/tenant/kounan/SpMinuteSearch.html,kaigiroku_ssp,kounan
愛知県,小牧市議会,http://komaki.gijiroku.com/voices/g08v_search.asp,gijiroku_com,
愛知県,小牧市議会,http://komaki.gijiroku.com/voices2/,gijiroku_com,
愛知県,稲沢市議会,http://inazawa.gijiroku.com/voices/index.html,gijiroku_com,
愛知県,新城市議会,http://www.db-search.com/shinshiro-c/index.php/,dbsr,
愛知県,東海市議会,http://www.kensakusystem.jp/tokai/index.html,kensakusystem,
愛知県,大府市議会,http://obu.gijiroku.com/voices/g08v_search.asp,gijiroku_com,
愛知県,大府市議会,http://obu.gijiroku.com/voices2/,gijiroku_com,
愛知県,知多市議会,https://ssp.kaigiroku.net/tenant/chita/SpMinuteSearch.html,kaigiroku_ssp,chita
愛知県,知立市議会,http://www.kensakusystem.jp/chiryu/index.html,kensakusystem,
愛知県,尾張旭市議会,https://ssp.kaigiroku.net/tenant/owariasahi/SpMinuteSearch.html,kaigiroku_ssp,owariasahi
愛知県,岩倉市議会,http://www.kensakusystem.jp/iwakura/index.html,kensakusystem,
愛知県,豊明市議会,http://www.db-search.com/toyoake-c/index.php/,dbsr,
愛知県,日進市議会,https://ssp.kaigiroku.net/tenant/nisshin/MinuteSearch.html,kaigiroku_ssp,nisshin
愛知県,日進市議会,https://ssp.kaigiroku.net/tenant/nisshin/SpMinuteSearch.html,kaigiroku_ssp,nisshin
愛知県,田原市議会,https://ssp.kaigiroku.net/tenant/tahara/SpMinuteSearch.html,kaigiroku_ssp,tahara
愛知県,北名古屋市議会,https://ssp.kaigiroku.net/tenant/kitanagoya/SpMinuteSearch.html,kaigiroku_ssp,kitanagoya
愛知県,みよし市議会,http://www.kensakusystem.jp/miyoshi-c/index.html,kensakusystem,
愛知県,あま市議会,http://www.db-search.com/ama-c/index.php/,dbsr,
愛知県,長久手市議会,http://www.kensakusystem.jp/nagakute/index.html,kensakusystem,
愛知県,東郷町議会,http://www.town.togo.aichi.dbsr.jp/index.php/,dbsr,
愛知県,豊山町議会,https://ssp.kaigiroku.net/tenant/toyoyama/MinuteSearch.html,kaigiroku_ssp,toyoyama
愛知県,豊山町議会,https://ssp.kaigiroku.net/tenant/toyoyama/SpMinuteSearch.html,kaigiroku_ssp,toyoyama
愛知県,大口町議会,https://ssp.kaigiroku.net/tenant/oguchi/SpMinuteSearch.html,kaigiroku_ssp,oguchi
愛知県,扶桑町議会,http://www.kensakusystem.jp/fuso/index.html,kensakusystem,
愛知県,飛島村議会,https://ssp.kaigiroku.net/tenant/tobishima2/SpMinuteSearch.html,kaigiroku_ssp,tobishima2
愛知県,阿久比町議会,https://ssp.kaigiroku.net/tenant/agui/MinuteSearch.html,kaigiroku_ssp,agui
愛知県,阿久比町議会,https://ssp.kaigiroku.net/tenant/agui/SpMinuteSearch.html,kaigiroku_ssp,agui
愛知県,東浦町議会,https://ssp.kaigiroku.net/tenant/higashiura/SpMinuteSearch.html,kaigiroku_ssp,higashiura
愛知県,南知多町議会,https://www.town.minamichita.lg.jp/gyosei/gikai/1001930/1003048.html,other,
愛知県,武豊町議会,https://ssp.kaigiroku.net/tenant/taketoyo/SpMinuteSearch.html,kaigiroku_ssp,taketoyo
三重県,三重県議会,https://ssp.kaigiroku.net/tenant/prefmie/SpMinuteSearch.html,kaigiroku_ssp,prefmie
三重県,津市議会,https://ssp.kaigiroku.net/tenant/tsu/SpMinuteSearch.html,kaigiroku_ssp,tsu
三重県,四日市市議会,http://www.city.yokkaichi.mie.dbsr.jp/index.php/,dbsr,
三重県,伊勢市議会,https://ssp.kaigiroku.net/tenant/ise/SpMinuteSearch.html,kaigiroku_ssp,ise
三重県,松阪市議会,https://ssp.kaigiroku.net/tenant/matsusaka/SpMinuteSearch.html,kaigiroku_ssp,matsusaka
三重県,桑名市議会,http://www.city.kuwana.mie.dbsr.jp/index.php/,dbsr,
三重県,鈴鹿市議会,http://www.kensakusystem.jp/suzuka/index.html,kensakusystem,
三重県,名張市議会,https://ssp.kaigiroku.net/tenant/nabari/MinuteSearch.html,kaigiroku_ssp,nabari
三重県,亀山市議会,http://www.kensakusystem.jp/kameyama-s/index.html,kensakusystem,
三重県,亀山市議会,http://www.kensakusystem.jp/kameyama-c/sapphire.html,kensakusystem,
三重県,鳥羽市議会,https://ssp.kaigiroku.net/tenant/toba/SpMinuteSearch.html,kaigiroku_ssp,toba
三重県,いなべ市議会,http://www.kensakusystem.jp/inabe-s/index.html,kensakusystem,
三重県,志摩市議会,http://www.kensakusystem.jp/shima/index.html,kensakusystem,
三重県,伊賀市議会,https://www.kensakusystem.jp/iga-s/index.html,kensakusystem,
三重県,東員町議会,http://www.kensakusystem.jp/toin/index.html,kensakusystem,
三重県,菰野町議会,http://www.kensakusystem.jp/komono/index.html,kensakusystem,
三重県,朝日町議会,http://www.kensakusystem.jp/asahi/index.html,kensakusystem,
三重県,川越町議会,http://www.kensakusystem.jp/kawagoe/index.html,kensakusystem,
三重県,大台町議会,https://ssp.kaigiroku.net/tenant/odai/SpMinuteSearch.html,kaigiroku_ssp,odai
滋賀県,滋賀県議会,https://www.shigaken-gikai.jp/voices/g08v_search.asp,other,
滋賀県,滋賀県議会,https://www.shigaken-gikai.jp/voices2/,other,
滋賀県,大津市議会,http://otsu.gijiroku.com/voices/g08v_search.asp,gijiroku_com,
滋賀県,大津市議会,http://otsu.gijiroku.com/voices2/,gijiroku_com,
滋賀県,彦根市議会,https://www.city.hikone.shiga.dbsr.jp/index.php/,dbsr,
滋賀県,長浜市議会,https://ssp.kaigiroku.net/tenant/nagahama/MinuteSearch.html,kaigiroku_ssp,nagahama
滋賀県,近江八幡市議会,https://ssp.kaigiroku.net/tenant/omihachiman/MinuteSearch.html,kaigiroku_ssp,omihachiman
滋賀県,草津市議会,http://kusatsu.gijiroku.com/kusatsu/g08v_search.asp,gijiroku_com,
滋賀県,守山市議会,http://www.kensakusystem.jp/moriyama/index.html,kensakusystem,
滋賀県,栗東市議会,http://www.kensakusystem.jp/ritto/index.html,kensakusystem,
滋賀県,甲賀市議会,https://ssp.kaigiroku.net/tenant/koka/MinuteSearch.html,kaigiroku_ssp,koka
滋賀県,湖南市議会,https://ssp.kaigiroku.net/tenant/konan/MinuteSearch.html,kaigiroku_ssp,konan
滋賀県,高島市議会,https://ssp.kaigiroku.net/tenant/takashima/SpMinuteSearch.html,kaigiroku_ssp,takashima
滋賀県,東近江市議会,http://www.kensakusystem.jp/higashiomi/index.html,kensakusystem,
滋賀県,米原市議会,http://www.kensakusystem.jp/maibara/index.html,kensakusystem,
京都府,京都府議会,http://www.pref.kyoto.dbsr.jp/index.php/,dbsr,
京都府,京都市議会,https://ssp.kaigiroku.net/tenant/kyoto/MinuteSearch.html,kaigiroku_ssp,kyoto
京都府,福知山市議会,http://www.kensakusystem.jp/fukuchiyama/index.html,kensakusystem,
京都府,舞鶴市議会,https://ssp.kaigiroku.net/tenant/maizuru/SpMinuteSearch.html,kaigiroku_ssp,maizuru
京都府,綾部市議会,http://www.kensakusystem.jp/ayabe/index.html,kensakusystem,
京都府,宇治市議会,https://ssp.kaigiroku.net/tenant/uji/MinuteSearch.html,kaigiroku_ssp,uji
京都府,宇治市議会,https://ssp.kaigiroku.net/tenant/uji/SpMinuteSearch.html,kaigiroku_ssp,uji
京都府,宮津市議会,http://www.kensakusystem.jp/miyazu/index.html,kensakusystem,
京都府,亀岡市議会,https://ssp.kaigiroku.net/tenant/kameoka/SpMinuteSearch.html,kaigiroku_ssp,kameoka
京都府,城陽市議会,http://www.kensakusystem.jp/joyo/index.html,kensakusystem,
京都府,向日市議会,http://www.kensakusystem.jp/muko/index.html,kensakusystem,
京都府,長岡京市議会,http://www.kensakusystem.jp/nagaokakyo/index.html,kensakusystem,
京都府,八幡市議会,http://www4.city.yawata.kyoto.jp/voices/g08v_search.asp,other,
京都府,八幡市議会,http://www4.city.yawata.kyoto.jp/voices2/,other,
京都府,京田辺市議会,https://ssp.kaigiroku.net/tenant/kyotanabe/SpMinuteSearch.html,kaigiroku_ssp,kyotanabe
京都府,京丹後市議会,http://www.kensakusystem.jp/kyotango/index.html,kensakusystem,
京都府,木津川市議会,http://www.db-search.com/kizugawa-c/index.php/,dbsr,
京都府,大山崎町議会,http://www.kensakusystem.jp/oyamazaki/index.html,kensakusystem,
京都府,久御山町議会,http://www.kensakusystem.jp/kumiyama/index.html,kensakusystem,
京都府,宇治田原町議会,https://ssp.kaigiroku.net/tenant/ujitawara/SpMinuteSearch.html,kaigiroku_ssp,ujitawara
京都府,精華町議会,https://www.kensakusystem.jp/seika/index.html,kensakusystem,
京都府,南山城村議会,http://www.kensakusystem.jp/minamiyamashiro/index.html,kensakusystem,
京都府,与謝野町議会,https://ssp.kaigiroku.net/tenant/yosano/MinuteSearch.html,kaigiroku_ssp,yosano
大阪府,大阪府議会,https://ssp.kaigiroku.net/tenant/prefosaka/SpMinuteSearch.html,kaigiroku_ssp,prefosaka
大阪府,大阪市議会,https://ssp.kaigiroku.net/tenant/cityosaka/SpMinuteSearch.html,kaigiroku_ssp,cityosaka
大阪府,堺市議会,http://www12.gijiroku.com/sakai/g08v_search.asp,gijiroku_com,
大阪府,堺市議会,http://www12.gijiroku.com/voices2/,gijiroku_com,
大阪府,岸和田市議会,http://www.db-search.com/kishiwada-c/index.php/,dbsr,
大阪府,豊中市議会,http://www.kensakusystem.jp/toyonaka/index.html,kensakusystem,
大阪府,池田市議会,https://ssp.kaigiroku.net/tenant/ikeda/SpMinuteSearch.html,kaigiroku_ssp,ikeda
大阪府,吹田市議会,https://ssp.kaigiroku.net/tenant/suita/SpMinuteSearch.html,kaigiroku_ssp,suita
大阪府,泉大津市議会,https://ssp.kaigiroku.net/tenant/izumiotsu/SpMinuteSearch.html,kaigiroku_ssp,izumiotsu
大阪府,高槻市議会,http://www.kensakusystem.jp/takatsuki/index.html,kensakusystem,
大阪府,貝塚市議会,https://ssp.kaigiroku.net/tenant/kaizuka/SpMinuteSearch.html,kaigiroku_ssp,kaizuka
大阪府,守口市議会,http://www.kensakusystem.jp/moriguchi/index.html,kensakusystem,
大阪府,枚方市議会,https://www.city.hirakata.osaka.dbsr.jp/index.php/,dbsr,
大阪府,茨木市議会,https://www.kensakusystem.jp/ibaraki-s/index.html,kensakusystem,
大阪府,八尾市議会,http://yao.gijiroku.com/voices/g08v_search.asp,gijiroku_com,
大阪府,泉佐野市議会,https://ssp.kaigiroku.net/tenant/izumisano/MinuteSearch.html,kaigiroku_ssp,izumisano
大阪府,富田林市議会,https://ssp.kaigiroku.net/tenant/tondabayashi/SpMinuteSearch.html,kaigiroku_ssp,tondabayashi
大阪府,寝屋川市議会,http://www.kensakusystem.jp/neyagawa/index.html,kensakusystem,
大阪府,河内長野市議会,https://ssp.kaigiroku.net/tenant/kawachinagano/SpMinuteSearch.html,kaigiroku_ssp,kawachinagano
大阪府,松原市議会,https://ssp.kaigiroku.net/tenant/matsubara/SpMinuteSearch.html,kaigiroku_ssp,matsubara
大阪府,大東市議会,http://daito.gijiroku.com/gikai/g08v_search.asp,gijiroku_com,
大阪府,大東市議会,http://daito.gijiroku.com/gikai/voices2/,gijiroku_com,
大阪府,和泉市議会,https://ssp.kaigiroku.net/tenant/izumi/SpMinuteSearch.html,kaigiroku_ssp,izumi
大阪府,箕面市議会,https://ssp.kaigiroku.net/tenant/minoh/SpMinuteSearch.html,kaigiroku_ssp,minoh
大阪府,柏原市議会,https://ssp.kaigiroku.net/tenant/kashiwara/SpMinuteSearch.html,kaigiroku_ssp,kashiwara
大阪府,羽曳野市議会,http://kaigiroku.city.habikino.lg.jp/voices/g08v_search.asp,other,
大阪府,羽曳野市議会,http://kaigiroku.city.habikino.lg.jp/voices2/,other,
大阪府,門真市議会,http://www03.gijiroku.com/kadoma/,gijiroku_com,
大阪府,門真市議会,http://www03.gijiroku.com/voices2/,gijiroku_com,
大阪府,摂津市議会,https://ssp.kaigiroku.net/tenant/settsu/MinuteSearch.html,kaigiroku_ssp,settsu
大阪府,高石市議会,https://ssp.kaigiroku.net/tenant/takaishi/SpMinuteSearch.html,kaigiroku_ssp,takaishi
大阪府,藤井寺市議会,https://ssp.kaigiroku.net/tenant/fujiidera/SpMinuteSearch.html,kaigiroku_ssp,fujiidera
大阪府,東大阪市議会,https://higashiosaka.gijiroku.com/gikai/g08v_search.asp,gijiroku_com,
大阪府,泉南市議会,http://www.db-search.com/sennan-c/index.php/,dbsr,
大阪府,四條畷市議会,https://ssp.kaigiroku.net/tenant/shijonawate/SpMinuteSearch.html,kaigiroku_ssp,shijonawate
大阪府,交野市議会,https://ssp.kaigiroku.net/tenant/katano/SpMinuteSearch.html,kaigiroku_ssp,katano
大阪府,大阪狭山市議会,https://ssp.kaigiroku.net/tenant/osakasayama/SpMinuteSearch.html,kaigiroku_ssp,osakasayama
大阪府,阪南市議会,https://ssp.kaigiroku.net/tenant/hannan/SpMinuteSearch.html,kaigiroku_ssp,hannan
大阪府,豊能町議会,http://www.kensakusystem.jp/toyono/index.html,kensakusystem,
大阪府,能勢町議会,http://www.kensakusystem.jp/nose/index.html,kensakusystem,
兵庫県,兵庫県議会,http://www.kensakusystem.jp/hyogopref/index.html,kensakusystem,
兵庫県,神戸市議会,http://www.city.kobe.hyogo.dbsr.jp/index.php/,dbsr,
兵庫県,姫路市議会,http://himeji.gijiroku.com/voices/g08v_search.asp,gijiroku_com,
兵庫県,姫路市議会,http://himeji.gijiroku.com/voices2/,gijiroku_com,
兵庫県,尼崎市議会,https://ssp.kaigiroku.net/tenant/amagasaki/SpMinuteSearch.html,kaigiroku_ssp,amagasaki
兵庫県,明石市議会,http://www.kensakusystem.jp/akashi/index.html,kensakusystem,
兵庫県,西宮市議会,http://nishi.gijiroku.com/voices/g08v_search.asp,gijiroku_com,
兵庫県,西宮市議会,http://nishi.gijiroku.com/voices2/,gijiroku_com,
兵庫県,洲本市議会,http://www.kensakusystem.jp/sumoto/index.html,kensakusystem,
兵庫県,芦屋市議会,https://ssp.kaigiroku.net/tenant/ashiya/SpMinuteSearch.html,kaigiroku_ssp,ashiya
兵庫県,伊丹市議会,http://itami.gijiroku.com/voices/g07v_search.asp?Sflg=2,gijiroku_com,
兵庫県,伊丹市議会,http://itami.gijiroku.com/voices2/,gijiroku_com,
兵庫県,相生市議会,https://www.kensakusystem.jp/aioi-s/index.html,kensakusystem,
兵庫県,豊岡市議会,http://www.kensakusystem.jp/toyooka/index.html,kensakusystem,
兵庫県,加古川市議会,http://www.kensakusystem.jp/kakogawa/index.html,kensakusystem,
兵庫県,赤穂市議会,http://www.kensakusystem.jp/ako/index.html,kensakusystem,
兵庫県,西脇市議会,http://www.kensakusystem.jp/nishiwaki/index.html,kensakusystem,
兵庫県,宝塚市議会,http://takarazuka.gijiroku.com/voices/g07v_search.asp,gijiroku_com,
兵庫県,宝塚市議会,http://takarazuka.gijiroku.com/voices2/,gijiroku_com,
兵庫県,三木市議会,https://ssp.kaigiroku.net/tenant/miki/MinuteSearch.html,kaigiroku_ssp,miki
兵庫県,高砂市議会,http://www.kensakusystem.jp/takasago/index.html,kensakusystem,
兵庫県,川西市議会,https://ssp.kaigiroku.net/tenant/kawanishi/SpMinuteSearch.html,kaigiroku_ssp,kawanishi
兵庫県,小野市議会,http://www.kensakusystem.jp/ono-c/index.html,kensakusystem,
兵庫県,三田市議会,https://ssp.kaigiroku.net/tenant/sanda/MinuteSearch.html,kaigiroku_ssp,sanda
兵庫県,加西市議会,https://ssp.kaigiroku.net/tenant/kasai/SpMinuteSearch.html,kaigiroku_ssp,kasai
兵庫県,丹波篠山市議会,http://kensaku.sasayama.jp/,other,
兵庫県,養父市議会,http://www.db-search.com/yabu-c/index.php/,dbsr,
兵庫県,丹波市議会,http://www.kensakusystem.jp/tamba/index.html,kensakusystem,
兵庫県,南あわじ市議会,http://kaigiroku.city.minamiawaji.hyogo.jp/minamiawaji/index.html,other,
兵庫県,朝来市議会,https://www.voicetechno.net/MinutesSystem/Asago/,other,
兵庫県,淡路市議会,http://www.kensakusystem.jp/awaji/index.html,kensakusystem,
兵庫県,宍粟市議会,http://www.kensakusystem.jp/shiso/index.html,kensakusystem,
兵庫県,加東市議会,https://ssp.kaigiroku.net/tenant/kato/MinuteSearch.html,kaigiroku_ssp,kato
兵庫県,たつの市議会,http://www.kensakusystem.jp/tatsuno/index.html,kensakusystem,
兵庫県,猪名川町議会,http://www.kensakusystem.jp/inagawa/index.html,kensakusystem,
兵庫県,多可町議会,https://ssp.kaigiroku.net/tenant/taka/MinuteSearch.html,kaigiroku_ssp,taka
兵庫県,稲美町議会,http://www.kensakusystem.jp/inami/index.html,kensakusystem,
兵庫県,播磨町議会,http://www.kensakusystem.jp/harima/index.html,kensakusystem,
兵庫県,市川町議会,http://www.kensakusystem.jp/ichikawa/index.html,kensakusystem,
兵庫県,上郡町議会,http://www.kensakusystem.jp/kamigori/index.html,kensakusystem,
奈良県,奈良県議会,https://ssp.kaigiroku.net/tenant/prefnara/SpMinuteSearch.html,kaigiroku_ssp,prefnara
奈良県,奈良市議会,https://ssp.kaigiroku.net/tenant/narashi/SpMinuteSearch.html,kaigiroku_ssp,narashi
奈良県,大和高田市議会,http://www.city.yamatotakada.nara.dbsr.jp/index.php/,dbsr,
奈良県,大和郡山市議会,https://ssp.kaigiroku.net/tenant/yamatokoriyama/SpMinuteSearch.html,kaigiroku_ssp,yamatokoriyama
奈良県,橿原市議会,https://www.city.kashihara.nara.dbsr.jp/index.php/,dbsr,
奈良県,桜井市議会,http://www.db-search.com/sakurai-c/index.php/,dbsr,
奈良県,御所市議会,https://ssp.kaigiroku.net/tenant/gose/SpMinuteSearch.html,kaigiroku_ssp,gose
奈良県,生駒市議会,http://www.city.ikoma.nara.dbsr.jp/index.php/,dbsr,
奈良県,香芝市議会,https://ssp.kaigiroku.net/tenant/kashiba/MinuteSearch.html,kaigiroku_ssp,kashiba
奈良県,葛城市議会,http://www.city.katsuragi.nara.dbsr.jp/index.php/,dbsr,
奈良県,宇陀市議会,http://www.kensakusystem.jp/uda/index.html,kensakusystem,
奈良県,田原本町議会,https://ssp.kaigiroku.net/tenant/tawaramoto/SpMinuteSearch.html,kaigiroku_ssp,tawaramoto
奈良県,王寺町議会,https://ssp.kaigiroku.net/tenant/oji/SpMinuteSearch.html,kaigiroku_ssp,oji
奈良県,広陵町議会,http://www.kensakusystem.jp/koryo/index.html,kensakusystem,
和歌山県,和歌山県議会,https://www.pref.wakayama.lg.jp/gijiroku/d00203238.html,other,
和歌山県,和歌山市議会,https://ssp.kaigiroku.net/tenant/wakayama/SpMinuteSearch.html,kaigiroku_ssp,wakayama
和歌山県,海南市議会,https://ssp.kaigiroku.net/tenant/kainan/SpMinuteSearch.html,kaigiroku_ssp,kainan
和歌山県,御坊市議会,https://ssp.kaigiroku.net/tenant/gobo/SpMinuteSearch.html,kaigiroku_ssp,gobo
和歌山県,田辺市議会,http://www.kensakusystem.jp/tanabe/index.html,kensakusystem,
和歌山県,新宮市議会,https://ssp.kaigiroku.net/tenant/shingu/SpMinuteSearch.html,kaigiroku_ssp,shingu
和歌山県,紀美野町議会,http://www.kensakusystem.jp/kimino/index.html,kensakusystem,
和歌山県,高野町議会,http://www.kensakusystem.jp/koya/index.html,kensakusystem,
和歌山県,印南町議会,https://ssp.kaigiroku.net/tenant/inami/SpMinuteSearch.html,kaigiroku_ssp,inami
鳥取県,鳥取県議会,http://www.db-search.com/tottori/index.php/,dbsr,
鳥取県,鳥取市議会,http://www.db-search.com/tottori-c/index.php/,dbsr,
鳥取県,米子市議会,https://gikai.city.yonago.lg.jp/yonago/,other,
鳥取県,倉吉市議会,https://www.kensakusystem.jp/kurayoshi/index.html,kensakusystem,
鳥取県,境港市議会,http://www.kensakusystem.jp/sakaiminato/index.html,kensakusystem,
鳥取県,岩美町議会,https://ssp.kaigiroku.net/tenant/iwami/MinuteSearch.html,kaigiroku_ssp,iwami
鳥取県,八頭町議会,https://www.kensakusystem.jp/yazu-s/index.html,kensakusystem,
鳥取県,湯梨浜町議会,http://www.kensakusystem.jp/yurihama/index.html,kensakusystem,
鳥取県,琴浦町議会,http://www.kensakusystem.jp/kotoura/index.html,kensakusystem,
鳥取県,北栄町議会,http://www.kensakusystem.jp/hokuei/index.html,kensakusystem,
鳥取県,伯耆町議会,http://www.kensakusystem.jp/houki/index.html,kensakusystem,
島根県,島根県議会,https://www.pref.shimane.dbsr.jp/index.php/,dbsr,
島根県,松江市議会,https://ssp.kaigiroku.net/tenant/matsue/MinuteSearch.html,kaigiroku_ssp,matsue
島根県,浜田市議会,https://ssp.kaigiroku.net/tenant/hamada/MinuteSearch.html,kaigiroku_ssp,hamada
島根県,出雲市議会,http://www.kensakusystem.jp/izumo-c/index.html,kensakusystem,
島根県,出雲市議会,http://www.kensakusystem.jp/izumo/index.html,kensakusystem,
島根県,益田市議会,https://ssp.kaigiroku.net/tenant/masuda/MinuteSearch.html,kaigiroku_ssp,masuda
島根県,大田市議会,http://www.kensakusystem.jp/ohda/index.html,kensakusystem,
島根県,安来市議会,https://ssp.kaigiroku.net/tenant/yasugi/MinuteSearch.html,kaigiroku_ssp,yasugi
島根県,江津市議会,https://ssp.kaigiroku.net/tenant/gotsu/MinuteSearch.html,kaigiroku_ssp,gotsu
島根県,雲南市議会,http://www.kensakusystem.jp/unnan/index.html,kensakusystem,
島根県,奥出雲町議会,http://www.kensakusystem.jp/okuizumo/index.html,kensakusystem,
岡山県,岡山県議会,https://ssp.kaigiroku.net/tenant/prefokayama/MinuteSearch.html,kaigiroku_ssp,prefokayama
岡山県,岡山市議会,https://ssp.kaigiroku.net/tenant/okayama/MinuteSearch.html,kaigiroku_ssp,okayama
岡山県,倉敷市議会,https://ssp.kaigiroku.net/tenant/kurashiki/MinuteSearch.html,kaigiroku_ssp,kurashiki
岡山県,津山市議会,https://ssp.kaigiroku.net/tenant/tsuyama/MinuteSearch.html,kaigiroku_ssp,tsuyama
岡山県,玉野市議会,https://ssp.kaigiroku.net/tenant/tamano/MinuteSearch.html,kaigiroku_ssp,tamano
岡山県,笠岡市議会,https://ssp.kaigiroku.net/tenant/kasaoka/MinuteSearch.html,kaigiroku_ssp,kasaoka
岡山県,井原市議会,https://ssp.kaigiroku.net/tenant/ibara/MinuteSearch.html,kaigiroku_ssp,ibara
岡山県,総社市議会,https://ssp.kaigiroku.net/tenant/soja/MinuteSearch.html,kaigiroku_ssp,soja
岡山県,高梁市議会,https://ssp.kaigiroku.net/tenant/takahashi/MinuteSearch.html,kaigiroku_ssp,takahashi
岡山県,新見市議会,http://www.city.niimi.okayama.dbsr.jp/index.php/,dbsr,
岡山県,備前市議会,https://ssp.kaigiroku.net/tenant/bizen/MinuteSearch.html,kaigiroku_ssp,bizen
岡山県,瀬戸内市議会,https://ssp.kaigiroku.net/tenant/setouchi/MinuteSearch.html,kaigiroku_ssp,setouchi
岡山県,赤磐市議会,https://ssp.kaigiroku.net/tenant/akaiwa/MinuteSearch.html,kaigiroku_ssp,akaiwa
岡山県,真庭市議会,https://ssp.kaigiroku.net/tenant/maniwa/MinuteSearch.html,kaigiroku_ssp,maniwa
岡山県,浅口市議会,https://ssp.kaigiroku.net/tenant/asakuchi/MinuteSearch.html,kaigiroku_ssp,asakuchi
岡山県,早島町議会,https://ssp.kaigiroku.net/tenant/hayashima/MinuteSearch.html,kaigiroku_ssp,hayashima
岡山県,里庄町議会,https://ssp.kaigiroku.net/tenant/satosho/MinuteSearch.html,kaigiroku_ssp,satosho
岡山県,鏡野町議会,https://ssp.kaigiroku.net/tenant/kagamino/MinuteSearch.html,kaigiroku_ssp,kagamino
岡山県,美咲町議会,https://ssp.kaigiroku.net/tenant/misaki/MinuteSearch.html,kaigiroku_ssp,misaki
広島県,広島県議会,http://www.pref.hiroshima.dbsr.jp/index.php/,dbsr,
広島県,広島市議会,http://gikai.city.hiroshima.jp/voices/g08v_search.asp,other,
広島県,呉市議会,https://ssp.kaigiroku.net/tenant/kure/MinuteSearch.html,kaigiroku_ssp,kure
広島県,三原市議会,https://ssp.kaigiroku.net/tenant/mihara/MinuteSearch.html,kaigiroku_ssp,mihara
広島県,尾道市議会,https://ssp.kaigiroku.net/tenant/onomichi/MinuteSearch.html,kaigiroku_ssp,onomichi
広島県,福山市議会,https://ssp.kaigiroku.net/tenant/fukuyama/MinuteSearch.html,kaigiroku_ssp,fukuyama
広島県,庄原市議会,https://ssp.kaigiroku.net/tenant/shobara/SpMinuteSearch.html,kaigiroku_ssp,shobara
広島県,東広島市議会,https://ssp.kaigiroku.net/tenant/higashihiroshima/MinuteSearch.html,kaigiroku_ssp,higashihiroshima
広島県,東広島市議会,https://ssp.kaigiroku.net/tenant/higashihiroshima/SpMinuteSearch.html,kaigiroku_ssp,higashihiroshima
広島県,廿日市市議会,http://www.city.hatsukaichi.hiroshima.dbsr.jp/index.php/,dbsr,
広島県,神石高原町議会,https://ssp.kaigiroku.net/tenant/jinsekikougen/MinuteSearch.html,kaigiroku_ssp,jinsekikougen
山口県,山口県議会,https://ssp.kaigiroku.net/tenant/prefyamaguchi/MinuteSearch.html,kaigiroku_ssp,prefyamaguchi
山口県,下関市議会,https://ssp.kaigiroku.net/tenant/shimonoseki/MinuteSearch.html,kaigiroku_ssp,shimonoseki
山口県,宇部市議会,https://ssp.kaigiroku.net/tenant/ube/MinuteSearch.html,kaigiroku_ssp,ube
山口県,山口市議会,http://www.db-search.com/yamaguchi-c/index.php/,dbsr,
山口県,萩市議会,https://ssp.kaigiroku.net/tenant/hagi/MinuteSearch.html,kaigiroku_ssp,hagi
山口県,防府市議会,https://ssp.kaigiroku.net/tenant/hofu/MinuteSearch.html,kaigiroku_ssp,hofu
山口県,下松市議会,https://ssp.kaigiroku.net/tenant/kudamatsu/MinuteSearch.html,kaigiroku_ssp,kudamatsu
山口県,岩国市議会,https://ssp.kaigiroku.net/tenant/iwakuni/MinuteSearch.html,kaigiroku_ssp,iwakuni
山口県,光市議会,https://www.city.hikari.yamaguchi.dbsr.jp/index.php/,dbsr,
山口県,長門市議会,https://ssp.kaigiroku.net/tenant/nagato/MinuteSearch.html,kaigiroku_ssp,nagato
山口県,柳井市議会,https://ssp.kaigiroku.net/tenant/yanai/MinuteSearch.html,kaigiroku_ssp,yanai
山口県,周南市議会,https://ssp.kaigiroku.net/tenant/shunan/MinuteSearch.html,kaigiroku_ssp,shunan
山口県,山陽小野田市議会,https://ssp.kaigiroku.net/tenant/sanyoonoda/MinuteSearch.html,kaigiroku_ssp,sanyoonoda
徳島県,徳島県議会,https://ssp.kaigiroku.net/tenant/tokushimapref/MinuteSearch.html,kaigiroku_ssp,tokushimapref
徳島県,徳島市議会,http://voices.city.tokushima.tokushima.jp/voices/index2.html,other,
徳島県,鳴門市議会,https://ssp.kaigiroku.net/tenant/naruto/MinuteSearch.html,kaigiroku_ssp,naruto
徳島県,小松島市議会,http://www.db-search.com/komatsushima-c/index.php/,dbsr,
徳島県,阿南市議会,https://ssp.kaigiroku.net/tenant/anan/MinuteSearch.html,kaigiroku_ssp,anan
徳島県,吉野川市議会,http://www2.city.yoshinogawa.lg.jp/e_service/proceeding/index.asp,other,
徳島県,三好市議会,https://ssp.kaigiroku.net/tenant/tmiyoshi/MinuteSearch.html,kaigiroku_ssp,tmiyoshi
徳島県,石井町議会,https://ssp.kaigiroku.net/tenant/ishii/MinuteSearch.html,kaigiroku_ssp,ishii
徳島県,那賀町議会,https://ssp.kaigiroku.net/tenant/naka/SpMinuteSearch.html,kaigiroku_ssp,naka
香川県,香川県議会,http://www.db-search.com/kagawa/index.php/,dbsr,
香川県,高松市議会,https://ssp.kaigiroku.net/tenant/takamatsu/SpMinuteSearch.html,kaigiroku_ssp,takamatsu
香川県,丸亀市議会,https://ssp.kaigiroku.net/tenant/marugame/MinuteSearch.html,kaigiroku_ssp,marugame
香川県,坂出市議会,https://ssp.kaigiroku.net/tenant/sakaide/MinuteSearch.html,kaigiroku_ssp,sakaide
香川県,善通寺市議会,https://ssp.kaigiroku.net/tenant/zentsuji/MinuteSearch.html,kaigiroku_ssp,zentsuji
香川県,観音寺市議会,https://ssp.kaigiroku.net/tenant/kanonji/MinuteSearch.html,kaigiroku_ssp,kanonji
香川県,さぬき市議会,https://www.city.sanuki.kagawa.dbsr.jp/index.php/,dbsr,
香川県,東かがわ市議会,https://www.city.higashikagawa.kagawa.dbsr.jp/index.php/,dbsr,
香川県,三豊市議会,http://www.db-search.com/mitoyo-c/index.php/,dbsr,
香川県,琴平町議会,http://www.kensakusystem.jp/kotohira/index.html,kensakusystem,
愛媛県,愛媛県議会,https://www.kensakusystem.jp/ehime/index.html,kensakusystem,
愛媛県,松山市議会,https://ssp.kaigiroku.net/tenant/matsuyama/MinuteSearch.html,kaigiroku_ssp,matsuyama
愛媛県,今治市議会,https://www.city.imabari.ehime.dbsr.jp/index.php/,dbsr,
愛媛県,宇和島市議会,https://ssp.kaigiroku.net/tenant/uwajima/SpMinuteSearch.html,kaigiroku_ssp,uwajima
愛媛県,西条市議会,https://ssp.kaigiroku.net/tenant/saijo/SpMinuteSearch.html,kaigiroku_ssp,saijo
愛媛県,伊予市議会,https://ssp.kaigiroku.net/tenant/iyo/MinuteSearch.html,kaigiroku_ssp,iyo
愛媛県,四国中央市  議会,https://ssp.kaigiroku.net/tenant/shikokuchuo/MinuteSearch.html,kaigiroku_ssp,shikokuchuo
愛媛県,東温市議会,https://ssp.kaigiroku.net/tenant/toon/SpMinuteSearch.html,kaigiroku_ssp,toon
愛媛県,愛南町議会,http://www.kensakusystem.jp/ainan/index.html,kensakusystem,
高知県,高知県議会,https://ssp.kaigiroku.net/tenant/prefkochi/SpMinuteSearch.html,kaigiroku_ssp,prefkochi
高知県,高知市議会,https://ssp.kaigiroku.net/tenant/kochi/SpMinuteSearch.html,kaigiroku_ssp,kochi
高知県,南国市議会,https://www.city.nankoku.lg.jp/gijiroku/giji_search.php?hdnKatugi=999999,other,
高知県,土佐市議会,https://ssp.kaigiroku.net/tenant/tosa/SpMinuteSearch.html,kaigiroku_ssp,tosa
高知県,四万十市議会,https://ssp.kaigiroku.net/tenant/shimanto/MinuteSearch.html,kaigiroku_ssp,shimanto
高知県,香南市議会,http://www.db-search.com/kochi-konan-c/index.php/,dbsr,
高知県,いの町議会,https://ssp.kaigiroku.net/tenant/ino/SpMinuteSearch.html,kaigiroku_ssp,ino
福岡県,福岡県議会,http://www.pref.fukuoka.dbsr.jp/index.php/,dbsr,
福岡県,北九州市議会,https://ssp.kaigiroku.net/tenant/kitakyushu/MinuteSearch.html,kaigiroku_ssp,kitakyushu
福岡県,北九州市議会,https://ssp.kaigiroku.net/tenant/kitakyushu/SpMinuteSearch.html,kaigiroku_ssp,kitakyushu
福岡県,福岡市議会,http://www.city.fukuoka.fukuoka.dbsr.jp/index.php/,dbsr,
福岡県,大牟田市議会,https://ssp.kaigiroku.net/tenant/omuta/SpMinuteSearch.html,kaigiroku_ssp,omuta
福岡県,久留米市議会,http://www.kensakusystem.jp/kurume/index.html,kensakusystem,
福岡県,直方市議会,http://www.kensakusystem.jp/nogata/index.html,kensakusystem,
福岡県,田川市議会,http://www.kensakusystem.jp/tagawa/index.html,kensakusystem,
福岡県,筑後市議会,https://ssp.kaigiroku.net/tenant/chikugo/MinuteSearch.html,kaigiroku_ssp,chikugo
福岡県,筑後市議会,https://ssp.kaigiroku.net/tenant/chikugo/SpMinuteSearch.html,kaigiroku_ssp,chikugo
福岡県,行橋市議会,https://ssp.kaigiroku.net/tenant/yukuhashi/MinuteSearch.html,kaigiroku_ssp,yukuhashi
福岡県,小郡市議会,https://ssp.kaigiroku.net/tenant/ogori/SpMinuteSearch.html,kaigiroku_ssp,ogori
福岡県,筑紫野市議会,http://www.city.chikushino.fukuoka.dbsr.jp/index.php/,dbsr,
福岡県,春日市議会,http://www.city.kasuga.fukuoka.dbsr.jp/index.php/,dbsr,
福岡県,大野城市議会,http://www.city.onojo.fukuoka.dbsr.jp/index.php/,dbsr,
福岡県,宗像市議会,http://www.city.munakata.fukuoka.dbsr.jp/index.php/,dbsr,
福岡県,古賀市議会,http://www.db-search.com/koga-c/index.php/,dbsr,
福岡県,福津市議会,https://ssp.kaigiroku.net/tenant/fukutsu/MinuteSearch.html,kaigiroku_ssp,fukutsu
福岡県,福津市議会,https://ssp.kaigiroku.net/tenant/fukutsu/SpMinuteSearch.html,kaigiroku_ssp,fukutsu
福岡県,宮若市議会,http://www.db-search.com/miyawaka-c/index.php/,dbsr,
福岡県,嘉麻市議会,https://www.voicetechno.net/MinutesSystem/Kama/,other,
福岡県,糸島市議会,http://www.db-search.com/itoshima-c/index.php/,dbsr,
福岡県,那珂川市議会,https://ssp.kaigiroku.net/tenant/nakagawa/MinuteSearch.html,kaigiroku_ssp,nakagawa
福岡県,那珂川市議会,https://ssp.kaigiroku.net/tenant/nakagawa/SpMinuteSearch.html,kaigiroku_ssp,nakagawa
福岡県,志免町議会,https://ssp.kaigiroku.net/tenant/shime/SpMinuteSearch.html,kaigiroku_ssp,shime
福岡県,岡垣町議会,https://ssp.kaigiroku.net/tenant/okagaki/MinuteSearch.html,kaigiroku_ssp,okagaki
福岡県,遠賀町議会,http://iasb-sv.town.onga.lg.jp/voices/g08v_search.asp,other,
福岡県,遠賀町議会,http://iasb-sv.town.onga.lg.jp/voices2/,other,
福岡県,川崎町議会,http://www.db-search.com/kawasaki-t/index.php/,dbsr,
福岡県,苅田町議会,https://ssp.kaigiroku.net/tenant/kanda/MinuteSearch.html,kaigiroku_ssp,kanda
福岡県,苅田町議会,https://ssp.kaigiroku.net/tenant/kanda/SpMinuteSearch.html,kaigiroku_ssp,kanda
福岡県,みやこ町議会,https://ssp.kaigiroku.net/tenant/miyakomachi/MinuteSearch.html,kaigiroku_ssp,miyakomachi
佐賀県,佐賀県議会,http://www.db-search.com/saga/index.php/,dbsr,
佐賀県,佐賀市議会,http://sagashi-gikai.gijiroku.com/voices/g08v_search.asp,gijiroku_com,
佐賀県,佐賀市議会,http://sagashi-gikai.gijiroku.com/voices2/,gijiroku_com,
佐賀県,唐津市議会,https://ssp.kaigiroku.net/tenant/karatsu/SpMinuteSearch.html,kaigiroku_ssp,karatsu
佐賀県,鳥栖市議会,https://ssp.kaigiroku.net/tenant/tosu/SpMinuteSearch.html,kaigiroku_ssp,tosu
佐賀県,多久市議会,https://ssp.kaigiroku.net/tenant/taku/SpMinuteSearch.html,kaigiroku_ssp,taku
佐賀県,伊万里市議会,https://ssp.kaigiroku.net/tenant/imari/MinuteSearch.html,kaigiroku_ssp,imari
佐賀県,武雄市議会,http://www.city.takeo.lg.jp/shisei/shigikai/kensaku/,other,
佐賀県,鹿島市議会,https://www.city.saga-kashima.lg.jp/main/107.html,other,
佐賀県,小城市議会,http://www.db-search.com/ogi-c/index.php/,dbsr,
佐賀県,神埼市議会,http://www.city.kanzaki.saga.dbsr.jp/index.php/,dbsr,
佐賀県,吉野ヶ里町議会,https://www.town.yoshinogari.saga.dbsr.jp/index.php/,dbsr,
佐賀県,みやき町議会,http://www.town.miyaki.saga.dbsr.jp/index.php/,dbsr,
長崎県,長崎県議会,https://ssp.kaigiroku.net/tenant/prefnagasaki/MinuteSearch.html,kaigiroku_ssp,prefnagasaki
長崎県,長崎県議会,https://ssp.kaigiroku.net/tenant/prefnagasaki/SpMinuteSearch.html,kaigiroku_ssp,prefnagasaki
長崎県,長崎市議会,http://www.city.nagasaki.nagasaki.dbsr.jp/index.php/,dbsr,
長崎県,佐世保市議会,https://ssp.kaigiroku.net/tenant/sasebo/SpMinuteSearch.html,kaigiroku_ssp,sasebo
長崎県,島原市議会,http://www.city.shimabara.nagasaki.dbsr.jp/index.php/,dbsr,
長崎県,諫早市議会,http://www.city.isahaya.nagasaki.dbsr.jp/index.php/,dbsr,
長崎県,大村市議会,https://ssp.kaigiroku.net/tenant/omura/MinuteSearch.html,kaigiroku_ssp,omura
長崎県,大村市議会,https://ssp.kaigiroku.net/tenant/omura/SpMinuteSearch.html,kaigiroku_ssp,omura
長崎県,平戸市議会,https://ssp.kaigiroku.net/tenant/hirado/SpMinuteSearch.html,kaigiroku_ssp,hirado
長崎県,松浦市議会,http://www.city.matsuura.nagasaki.dbsr.jp/index.php/,dbsr,
長崎県,対馬市議会,https://ssp.kaigiroku.net/tenant/tsushima/MinuteSearch.html,kaigiroku_ssp,tsushima
長崎県,五島市議会,https://ssp.kaigiroku.net/tenant/goto/SpMinuteSearch.html,kaigiroku_ssp,goto
長崎県,西海市議会,https://ssp.kaigiroku.net/tenant/saikai/SpMinuteSearch.html,kaigiroku_ssp,saikai
長崎県,雲仙市議会,https://ssp.kaigiroku.net/tenant/unzen/MinuteSearch.html,kaigiroku_ssp,unzen
長崎県,南島原市議会,https://ssp.kaigiroku.net/tenant/minamishimabara/SpMinuteSearch.html,kaigiroku_ssp,minamishimabara
長崎県,時津町議会,http://www.kensakusystem.jp/togitsu-s/index.html,kensakusystem,
熊本県,熊本県議会,https://ssp.kaigiroku.net/tenant/prefkumamoto/MinuteSearch.html,kaigiroku_ssp,prefkumamoto
熊本県,熊本県議会,https://ssp.kaigiroku.net/tenant/prefkumamoto/SpMinuteSearch.html,kaigiroku_ssp,prefkumamoto
熊本県,熊本市議会,http://kumamoto.gijiroku.com/voices/g08v_search.asp,gijiroku_com,
熊本県,熊本市議会,http://kumamoto.gijiroku.com/voices2/,gijiroku_com,
熊本県,八代市議会,http://www.yatsushiro.org/VOICES/index.html,other,
熊本県,荒尾市議会,http://www.db-search.com/arao-c/index.php/,dbsr,
熊本県,水俣市議会,http://www.kensakusystem.jp/minamata/index.html,kensakusystem,
熊本県,玉名市議会,http://tamana.gijiroku.com/voices/g08v_search.asp,gijiroku_com,
熊本県,宇土市議会,https://ssp.kaigiroku.net/tenant/uto/MinuteSearch.html,kaigiroku_ssp,uto
熊本県,宇城市議会,https://ssp.kaigiroku.net/tenant/uki/MinuteSearch.html,kaigiroku_ssp,uki
熊本県,宇城市議会,https://ssp.kaigiroku.net/tenant/uki/SpMinuteSearch.html,kaigiroku_ssp,uki
熊本県,天草市議会,https://ssp.kaigiroku.net/tenant/amakusa/SpMinuteSearch.html,kaigiroku_ssp,amakusa
熊本県,合志市議会,https://ssp.kaigiroku.net/tenant/koshi/SpMinuteSearch.html,kaigiroku_ssp,koshi
熊本県,長洲町議会,http://www.db-search.com/nagasu-t/index.php/,dbsr,
大分県,大分県議会,https://ssp.kaigiroku.net/tenant/prefoita/MinuteSearch.html,kaigiroku_ssp,prefoita
大分県,大分県議会,https://ssp.kaigiroku.net/tenant/prefoita/SpMinuteSearch.html,kaigiroku_ssp,prefoita
大分県,大分市議会,https://www.kensakusystem.jp/oita/index.html,kensakusystem,
大分県,別府市議会,http://www.kensakusystem.jp/beppu/index.html,kensakusystem,
大分県,中津市議会,https://ssp.kaigiroku.net/tenant/nakatsu/MinuteSearch.html,kaigiroku_ssp,nakatsu
大分県,日田市議会,https://ssp.kaigiroku.net/tenant/hita/MinuteSearch.html,kaigiroku_ssp,hita
大分県,臼杵市議会,https://ssp.kaigiroku.net/tenant/usuki/SpMinuteSearch.html,kaigiroku_ssp,usuki
大分県,津久見市議会,http://www.kensakusystem.jp/tsukumi/index.html,kensakusystem,
大分県,竹田市議会,https://ssp.kaigiroku.net/tenant/taketa/SpMinuteSearch.html,kaigiroku_ssp,taketa
大分県,豊後高田市議会,https://ssp.kaigiroku.net/tenant/bungotakada/MinuteSearch.html,kaigiroku_ssp,bungotakada
大分県,豊後高田市議会,https://ssp.kaigiroku.net/tenant/bungotakada/SpMinuteSearch.html,kaigiroku_ssp,bungotakada
大分県,杵築市議会,https://ssp.kaigiroku.net/tenant/kitsuki/MinuteSearch.html,kaigiroku_ssp,kitsuki
大分県,宇佐市議会,http://www.db-search.com/usa-c/index.php/,dbsr,
大分県,豊後大野市議会,https://ssp.kaigiroku.net/tenant/bungoohno/SpMinuteSearch.html,kaigiroku_ssp,bungoohno
大分県,国東市議会,https://ssp.kaigiroku.net/tenant/kunisaki/MinuteSearch.html,kaigiroku_ssp,kunisaki
大分県,九重町議会,https://ssp.kaigiroku.net/tenant/kokonoe/MinuteSearch.html,kaigiroku_ssp,kokonoe
大分県,九重町議会,https://ssp.kaigiroku.net/tenant/kokonoe/SpMinuteSearch.html,kaigiroku_ssp,kokonoe
宮崎県,宮崎県議会,https://ssp.kaigiroku.net/tenant/miyazakipref/MinuteSearch.html,kaigiroku_ssp,miyazakipref
宮崎県,宮崎市議会,http://www.city.miyazaki.miyazaki.dbsr.jp/index.php/,dbsr,
宮崎県,都城市議会,http://www.kensakusystem.jp/miyakonojo/index.html,kensakusystem,
宮崎県,延岡市議会,http://www.kensakusystem.jp/nobeoka/index.html,kensakusystem,
宮崎県,日南市議会,http://www.db-search.com/nichinan-c/index.php/,dbsr,
宮崎県,小林市議会,https://ssp.kaigiroku.net/tenant/kobayashi/SpMinuteSearch.html,kaigiroku_ssp,kobayashi
宮崎県,日向市議会,https://ssp.kaigiroku.net/tenant/hyuga/SpMinuteSearch.html,kaigiroku_ssp,hyuga
宮崎県,串間市議会,http://www.kensakusystem.jp/kushima/index.html,kensakusystem,
宮崎県,西都市議会,https://ssp.kaigiroku.net/tenant/saito/SpMinuteSearch.html,kaigiroku_ssp,saito
宮崎県,えびの市議会,http://www.kensakusystem.jp/ebino/index.html,kensakusystem,
宮崎県,綾町議会,https://ssp.kaigiroku.net/tenant/aya/MinuteSearch.html,kaigiroku_ssp,aya
宮崎県,新富町議会,https://ssp.kaigiroku.net/tenant/shintomi/MinuteSearch.html,kaigiroku_ssp,shintomi
宮崎県,門川町議会,https://ssp.kaigiroku.net/tenant/kadogawa/MinuteSearch.html,kaigiroku_ssp,kadogawa
鹿児島県,鹿児島県議会,http://www.pref.kagoshima.dbsr.jp/index.php/,dbsr,
鹿児島県,鹿児島市議会,https://ssp.kaigiroku.net/tenant/kagoshima/MinuteSearch.html,kaigiroku_ssp,kagoshima
鹿児島県,鹿児島市議会,https://ssp.kaigiroku.net/tenant/kagoshima/SpMinuteSearch.html,kaigiroku_ssp,kagoshima
鹿児島県,鹿屋市議会,https://ssp.kaigiroku.net/tenant/kanoya/MinuteSearch.html,kaigiroku_ssp,kanoya
鹿児島県,阿久根市議会,http://www.city.akune.kagoshima.dbsr.jp/index.php/,dbsr,
鹿児島県,出水市議会,https://www.city.kagoshima-izumi.lg.jp/gikai/gijiroku/,other,
鹿児島県,薩摩川内市議会,https://ssp.kaigiroku.net/tenant/satsumasendai/MinuteSearch.html,kaigiroku_ssp,satsumasendai
鹿児島県,薩摩川内市議会,https://ssp.kaigiroku.net/tenant/satsumasendai/SpMinuteSearch.html,kaigiroku_ssp,satsumasendai
鹿児島県,曽於市議会,https://ssp.kaigiroku.net/tenant/soo/MinuteSearch.html,kaigiroku_ssp,soo
鹿児島県,霧島市議会,http://www.kensakusystem.jp/kirishima/index.html,kensakusystem,
鹿児島県,南九州市議会,https://ssp.kaigiroku.net/tenant/minamikyushu/MinuteSearch.html,kaigiroku_ssp,minamikyushu
鹿児島県,伊佐市議会,http://www.db-search.com/isa-c/index.php/,dbsr,
鹿児島県,姶良市議会,https://ssp.kaigiroku.net/tenant/aira/MinuteSearch.html,kaigiroku_ssp,aira
鹿児島県,肝付町議会,https://ssp.kaigiroku.net/tenant/kimotsuki/MinuteSearch.html,kaigiroku_ssp,kimotsuki
沖縄県,沖縄県議会,http://www2.pref.okinawa.jp/oki/Gikairep1.nsf/,other,
沖縄県,那覇市議会,https://naha.gijiroku.com/kaigiroku/voices/g07v_search.asp,gijiroku_com,
沖縄県,那覇市議会,https://naha.gijiroku.com/kaigiroku/voices2/,gijiroku_com,
沖縄県,那覇市議会,https://naha.gijiroku.com/fukkimae_kaigiroku/voices/g07v_search.asp,gijiroku_com,
沖縄県,那覇市議会,https://naha.gijiroku.com/fukkimae_kaigiroku/voices2/,gijiroku_com,
沖縄県,宜野湾市議会,https://ssp.kaigiroku.net/tenant/ginowan/SpMinuteSearch.html,kaigiroku_ssp,ginowan
沖縄県,石垣市議会,https://ssp.kaigiroku.net/tenant/ishigaki/MinuteSearch.html,kaigiroku_ssp,ishigaki
沖縄県,石垣市議会,https://ssp.kaigiroku.net/tenant/ishigaki/SpMinuteSearch.html,kaigiroku_ssp,ishigaki
沖縄県,浦添市議会,https://ssp.kaigiroku.net/tenant/urasoe/MinuteSearch.html,kaigiroku_ssp,urasoe
沖縄県,名護市議会,https://ssp.kaigiroku.net/tenant/nago/MinuteSearch.html,kaigiroku_ssp,nago
沖縄県,名護市議会,https://ssp.kaigiroku.net/tenant/nago/SpMinuteSearch.html,kaigiroku_ssp,nago
沖縄県,糸満市議会,https://ssp.kaigiroku.net/tenant/itoman/MinuteSearch.html,kaigiroku_ssp,itoman
沖縄県,糸満市議会,https://ssp.kaigiroku.net/tenant/itoman/SpMinuteSearch.html,kaigiroku_ssp,itoman
沖縄県,沖縄市議会,https://ssp.kaigiroku.net/tenant/okinawa/SpMinuteSearch.html,kaigiroku_ssp,okinawa
沖縄県,豊見城市議会,https://ssp.kaigiroku.net/tenant/tomigusuku/MinuteSearch.html,kaigiroku_ssp,tomigusuku
沖縄県,豊見城市議会,https://ssp.kaigiroku.net/tenant/tomigusuku/SpMinuteSearch.html,kaigiroku_ssp,tomigusuku
沖縄県,うるま市議会,https://ssp.kaigiroku.net/tenant/uruma/SpMinuteSearch.html,kaigiroku_ssp,uruma
沖縄県,宮古島市議会,https://ssp.kaigiroku.net/tenant/miyakojima/MinuteSearch.html,kaigiroku_ssp,miyakojima
沖縄県,宮古島市議会,https://ssp.kaigiroku.net/tenant/miyakojima/SpMinuteSearch.html,kaigiroku_ssp,miyakojima
沖縄県,南城市議会,https://ssp.kaigiroku.net/tenant/nanjo/SpMinuteSearch.html,kaigiroku_ssp,nanjo
沖縄県,東村議会,https://ssp.kaigiroku.net/tenant/higashi/MinuteSearch.html,kaigiroku_ssp,higashi
沖縄県,恩納村議会,https://ssp.kaigiroku.net/tenant/onna/SpMinuteSearch.html,kaigiroku_ssp,onna
沖縄県,宜野座村議会,https://ssp.kaigiroku.net/tenant/ginoza/MinuteSearch.html,kaigiroku_ssp,ginoza
沖縄県,宜野座村議会,https://ssp.kaigiroku.net/tenant/ginoza/SpMinuteSearch.html,kaigiroku_ssp,ginoza
沖縄県,金武町議会,http://gikai.town.kin.okinawa.jp/kinchou/kensaku/,other,
沖縄県,嘉手納町議会,https://ssp.kaigiroku.net/tenant/kadena/SpMinuteSearch.html,kaigiroku_ssp,kadena
沖縄県,北谷町議会,https://ssp.kaigiroku.net/tenant/chatan/SpMinuteSearch.html,kaigiroku_ssp,chatan
沖縄県,西原町議会,https://ssp.kaigiroku.net/tenant/nishihara/SpMinuteSearch.html,kaigiroku_ssp,nishihara
沖縄県,与那原町議会,https://ssp.kaigiroku.net/tenant/yonabaru/MinuteSearch.html,kaigiroku_ssp,yonabaru
沖縄県,与那原町議会,https://ssp.kaigiroku.net/tenant/yonabaru/SpMinuteSearch.html,kaigiroku_ssp,yonabaru
沖縄県,久米島町議会,https://ssp.kaigiroku.net/tenant/kumejima/MinuteSearch.html,kaigiroku_ssp,kumejima
沖縄県,竹富町議会,https://ssp.kaigiroku.net/tenant/taketomi/MinuteSearch.html,kaigiroku_ssp,taketomi
沖縄県,竹富町議会,https://ssp.kaigiroku.net/tenant/taketomi/SpMinuteSearch.html,kaigiroku_ssp,taketomi
